text,poiid
第一天上班，打个卡,B2094654D56BA5F9439F
今天太了！年会中了三个奖！我爱老板！我爱公司！我爱同事！希望把传给我所爱的人们[心]  🏮,B2094654D56BA5F9439F
加班记录不断被刷破…差不多只剩下清洁阿姨和安保人员了刚到家,B2094757D06FA1FD4392
巨忙的一周后回来上班翻开日程本发现竟然本周无事，略奇幻,B2094757D06FA1FD4392
我爱工作，工作爱我。,B2094757D06FA1FD4392
手机卡，电脑卡，脑子卡，网速也渣渣的不行感觉熬过去这两周我要废了。,B2094757D06FA1FD4392
纪念一下，我也算是在陶氏化学上过三天班的人了（收获三瓶快乐水愉快下班了）,B2094757D06FA1FD4392
啧啧啧，真的是好久没来公司了。。。,B2094757D06FA1FD4392
处女面终于结束了，我这颗阿姨心蓬蓬蓬……但愿能过。英文要提高了,B2094757D06FA1FD4392
开了一天会…泪,B2094757D06FA1FD4392
溜了溜了,B2094757D06FA1FD4392
三个月边哭边准备边面试 现在只想哭一场 除了感谢上帝还能说啥呢    .神为爱祂的人预备的，是眼未看见，耳未听见，人心也未曾想到的,B2094757D06FA1FD4392
一早看了下自己桌上的口粮。。。,B2094757D06FA1FD4392
2018，撸起袖子加油干,B2094757D06FA1FD4392
"实习六周，真的是加班五周了，，终于快要结束了，也罢，也罢，也好，,&;&;现在心情平静的不行不行的，真的一切都看淡了~ 一切都是最好的安排",B2094757D06FA1FD4392
和白老师互动的直播栏目“1057生活有道”，听众格外积极的参与到节目中来，听外场导播说电话都被打爆啦[机智]下次再约[奸笑]@阿基米德,B2094654D56BABFE4499
谢谢喻清邀请，899都市广播《清清下午茶》今日下午的电台直播，人生中的又一个小成就达成✅,B2094654D56BABFE4499
下午再做个广播直播，讲讲植物考察和植物旅行,B2094654D56BABFE4499
人生圆满了！啊啊！对我笑了！爱你！亲手签的啊！@毛不易,B2094654D56BABFE4499
上海广播电视台 (第二季）舞蹈形体雕塑  !,B2094654D56BABFE4499
每年回上海都要和林枫姐姐见一面然后分享一下旅游心得和逗比趣事899驾车调频《枫景客》这次聊聊非常佛性的古巴之旅🇨🇺其实每次做节目并不单是分享，更是为自己留住曾经旅行的记忆…,B2094654D56BABFE4499
上海·上海人民广播大厦[地点],B2094654D56BABFE4499
广播大厦电梯里遇到一位老先生。。看过他演过的电影的，才真的是暴露年龄。,B2094654D56BABFE4499
余老师说，你是第一位把腿绕到后面的主播,B2094654D56BABFE4499
⚽客串一回体育节目，看来运动真的要开始打卡了！感谢二位大佬@强强中的刘阳 @张莉瑩_莉宝,B2094654D56BABFE4499
夏永康偷拍张曼玉，花样年华[阴险],B2094654D56BABFE4499
889【今天吃什么？】上菜啦……1小时的节目秒过 与主持人 @臻臻小厨娘 聊得好开心，答应以后会常来,B2094654D56BABFE4499
《今天吃什么》89.9正在直播中，接下来听我继续说……,B2094654D56BABFE4499
早直播…今天来说说“你看着就觉得冷的事。”冬天早上6点多起床，想想要离开被窝，就觉得冷,B2094654D56BABFE4499
&#627;毛不易  冲呀人生第一次签售人生第一张专辑 @毛不易,B2094654D56BABFE4499
音乐剧《信》卡司见面会,B2094654D56BABFE4499
今天接到小荧星艺校的电话，通过考试选拔，被录取了！9月份，就要开始到上海最知名的艺校培训，记录。,B2094654D56BABFE4499
哈哈哈 新歌发布会明星见面会变成了吃货交流会我的天 全场沸腾了唱歌什么的 吃完再说吧,B2094654D56BABFE4499
第一次来到录制朗诵,B2094654D56BABFE4499
这是我今天的工作，拿着手卡，今晚要第一次露脸主持，感觉比弹一场音乐会还紧张，今晚抱紧辰哥了@947-马辰,B2094654D56BABFE4499
录节目，批评了对野生兰花资源有破坏的下山兰和药材产业但愿不会被利息相关者盯上,B2094654D56BABFE4499
上海广播电视台 (第二季）舞蹈形体雕塑   !,B2094654D56BABFE4499
学习了！全媒体融合非常棒！比心❤ @上海东方广播电台,B2094654D56BABFE4499
940小超人电台我们又来咯！,B2094654D56BABFE4499
愉快！欢聚！团圆！喜迎2019！撸起袖子加油干！,B2094654D56BABFE4499
今天下午两点，作客107.2《悦读越动听》节目，和丁薇老师一起聊阿加莎。欢迎大家收听@新星出版社,B2094654D56BABFE4499
录播,B2094654D56BABFE4499
@毛不易&;&; @动感101&;&;今天作为媒体人坐在首排见毛不易台里的动感101邀请毛不易新歌真的太好听了 毛毛太可爱了已经在东广实习了两个周新李老师刷脸把我带进了会场真的感谢 买了数字专辑 真的太好听了毛不易的现实风格和李健老师的浪漫风格碰撞在一起 我真的抗拒不了爱他,B2094654D56BABFE4499
近距离走进广播，每天上海有200万人在收听哦！,B2094654D56BABFE4499
《今天吃什么》89.9直播节目，今天信息量有点大，炒饭汤面油墩子，还有流沙炸猪排……阿基米德有回听🎤🎧,B2094654D56BABFE4499
作为编外人员旁听了1057上海交通频率的例会，跟20多位主播如此近距离接触，有货且有趣[愉快],B2094654D56BABFE4499
“音乐是可以打开一个人心灵的钥匙”在今天的节目里，园长妈妈将和顾超老师一起，分享教育教学中的事例，告诉我们如何让孩子在舞台上施展才华…圣诞季#,B2094654D56BABFE4499
有梦就不远很开心 给我录音的北辰老师说 我可以直接上话筒了,B2094654D56BABFE4499
今去上海广播大厦自提中奖奖品的我，工作人员从门口走出来问哪个中了赖冠霖是我拿度🙋,B2094654D56BABFE4499
"， 导演的喜剧力作，他身前的心愿是将其用沪语变现出来。 ， , ，&#627;徐峥超话等上海籍演员合力做到了。 现在搬到了广播电台里面，参观一次实属不易。今天，与农工上海市委及@本来老六&;&;一起来了一次观摩与回味。",B2094654D56BABFE4499
來來來 大家一起來看直播@动感101,B2094654D56BABFE4499
2018年第一次发声，为无障碍电影录制解说词。,B2094654D56BABFE4499
今天办公室来的小姐姐长的真好看啊,B2094654D56BABFE4499
今天直播的内容囊括了好几个爱豆团体哦而且今天还多了一位帅气的小哥哥&;&;想看看他到底有多帅气就请锁定今晚的《泡菜峯云》哦～,B2094654D56BABFE4499
#东野圭吾《信》中文版音乐剧# 2018.09.10.今日教师节，听了主创老师们的介绍，更期待这部音乐剧～加上有那么好那么优秀的演员们，期待值一下子爆表～发布会中也听了几首非常好听的歌曲，大家都辛苦啦～我仔细观察了一下，大龙比那天剧一堂话要多那么点了，还有@郭亢 小朋友，满满少年感，我拍的照片不算多，但是每张里面这位小朋友都是那么阳光的笑容～眼睛特别漂亮～迪宝@胡迪 真的很累的感觉，要好好休息哦迪宝，希望再看到元气满满的你最后重点说一下@王杨_ 老师，您最后一首歌真的很入戏，我都感觉真的很扎心，要调节下，真怕您抑郁了～还有，我真发现您万年都是一个表情呐，我只能找了一些微表情，您看似笑了的图发一下～您笑起来是真的好看～以后多笑哟～话说回来，最近您要排戏，还要上课，真的很累很累，真希望您能有更多的时间休息一下～身体最重要～谢谢您给我的签名明信片，我定会好好收藏最后，多谢各位演员带给我们的美好的夜晚～谢谢@妙侃音乐剧 感谢同行童鞋兼闺蜜@翎歌_ 你那只羊我真的很想捏,B2094654D56BABFE4499
听的御用摄影师夏永康老师分享那动人的往事,B2094654D56BABFE4499
2018年7月14日，参加了 的剧组见面会🎬～看到了帅气的刘师傅～还有可爱有点害羞的可人，唱歌好好听的姝姝，蒋老师等等优秀的音乐剧演员～让我最难忘的就是为人低调随和的@王杨_ 老师～好想参加你的课堂哟～做你的学生～能学到非常多东西～你愿意收我这样一个学生吗？我踊跃报名！🙋🙋🙋哈哈哈～首先感谢@妙侃音乐剧 举办的这次活动～演职员们，你们辛苦啦～㊗️蒋老师生日快乐🎂🎂🎊🎊&;最后感谢@正能量小满 和@翎歌_ 的陪伴～..认识小满之后又多了一个观剧小伙伴～这感觉太棒啦～..图9⃣️为小娜娜和帅气王老师的合照,B2094654D56BABFE4499
金岩说相声,B2094654D56BABFE4499
@张杰&;&;排了将近两个半小时的队，终于拿到了票，那么张先生，我们后天见,B2094654D56BABFE4499
东方风云榜 动感101录制，今天的录音在一个复古的录音棚 @好像叫王燕冰,B2094654D56BABFE4499
从春天到夏天，从夏天到秋天，从秋天到冬天，一年一年。每周五欣甘情愿的约会，这个中午，要收官啦。105.7，上海交通频率直播。离开是为了更好的相见！@双子欣,B2094654D56BABFE4499
《今天吃什么》～上菜喽！主持人臻臻，嘉宾玩味，编辑天天。89.9每天下午3-4点，阿基米德有回听,B2094654D56BABFE4499
第一次讲心理学去做节目，小兴奋。,B2094654D56BABFE4499
大叔们的电台节目@科学索引乐队,B2094654D56BABFE4499
啊啊今天真的很幸运，从很幸运的抽到现场门票，到很幸运的。。。一切尽在不言中。总之大家期待6月23号的《周六夜现场》，一定不会让大家失望的。还有陈赫真的不胖啊，小岳岳真的自带笑点，张杰就更不用说了还有就是节目正式录制前主持的小哥哥，我要你。希望下次还能参加现场录制，真的很过瘾，来之前是为了张杰来的，看完之后彻底爱上这个节目了。@优酷周六夜现场,B2094654DA6AA1FF409F
新棚新鲜感 收视要新高,B2094654DA6AA1FF409F
今晚没去成现场，可惜了...,B2094654DA6AA1FF409F
遇见有挑战性而且让自己喜欢的工作内容，真的会让我血脉喷张！付全力做好！加油(ง •̀_•́)ง一点一点小的努力去靠近梦想。对，我就是那个工作狂[加油],B2094654DA6AA1FF409F
上次还在抱怨没被选上，这次就过来玩了。。。现场很炸，下次有机会再来。。@优酷周六夜现场,B2094654DA6AA1FF409F
☑️ 工作使我快乐!🥰～,B2094654DA6AA1FF409F
今晚8点我电视台观看节目@优酷周六夜现场 明晚6点我们优酷不见不散,B2094654DA6AA1FF409F
我们是舞台上的小新星 我们晋级啦感谢我们的老师,B2094654DA6AA1FF409F
工作中,B2094654DA6AA1FF409F
2018.12.10东方风云榜特别节目录制～郁可唯《时间煮雨》片段,B2094654DA6AA1FF409F
也只有在录节目时才能穿得轻薄凉快些了～,B2094654DA6AA1FF409F
@优酷周六夜现场 第一季完美收官[],B2094654DA6AA1FF409F
20 徕卡镜头测试，嗯～是我喜欢的~ 那谁@阚晓君&;&;，谢谢你的雪中送炭～,B2094654DA6AA1FF409F
第一场竟然新皮肤几乎全遇到了全程在和各个新皮肤碰面打招呼😂特效真的是好看的然而新年自己都一件新衣服没买给它们穿得那么好看@王者荣耀,B2094654DA6AA1FF409F
在朋友圈被同事们全世界旅行的休假照片刷屏的时候，我只能一直给自己打气，要站好最后一班岗（以后真的不想做后期了）,B2094654DA6AA1FF409F
准备开播～[嘻嘻],B2094654DA6AA1FF409F
不知不觉上交手机将近四小时一点也没有觉得时间过得很慢综艺现场看还真是蛮有笑点的暖场人员也很给力啊啊被笑死幕后的工作人员也真的很辛苦哈哈期待下期的彭于晏????,B2094654DA6AA1FF409F
兼职活动：促销员,B2094654DA6AA1FF409F
结束啦，今晚小哇超嗨还有跳一小段舞可调皮了呢,B2094654DA6AA1FF409F
强行记录第一次在台里洗澡、第一次在台里过夜。,B2094654DA6AA1FF409F
2018“公益盛典”即将正式开始✊公益之申――上海十佳大奖，希望今天我和“爱创益”能够拿下来👍,B2094654DA6AA1FF409F
思维妙妙妙我以为面试，没想到是直接录节目了，我就这样啥都没弄的入镜了,B2094654DA6AA1FF409F
要交手机进去了[允悲],B2094654DA6AA1FF409F
第一次 参加综艺录制做观众 挺喜欢调动气氛的小伙 节目很用心 演员们和工作人员都很辛苦 如果能有张艺兴做嘉宾 我也许会喊的比旁边某女团的粉丝更疯狂吧 期待与我偶像的相遇@努力努力再努力 @优酷周六夜现场,B2094654DA6AA1FF409F
打卡,B2094654DA6AA1FF409F
很幸运能够参加@优酷周六夜现场  节目录制！非常喜欢陈赤赤@陈赫  还有小岳岳@岳云鹏  ！希望能够再有机会参加录制呀[心],B2094654DA6AA1FF409F
【宪法日•纪实】又是一年宪法日，结果在东方卫视“傻站”一天，原本还以为能看到东方卫视的漂亮小姐姐，结果啥也没有，不过似乎下班的时候有一些“著名的”主持人就从我旁边经过，但我真是一个不认识。对于我这个宪法专业的人而言，今天更需要思考的是当前宪法实施的困境，“宪法日宣誓”的宪法实施意义在哪？或许真如导师所言“中国宪法学者最需要做的事情是推动部门法在立法执法和司法过程中严格贯彻宪法的原则、规定和精神，包括推动审查违宪的法文件”。另外，在电视台呆一天也让我发现，这里的人无论美丑真喜欢戴口罩，不知道是想让人认不出他们呢还是就想让人家认出来呢？费解,B2094654DA6AA1FF409F
《极限挑战4》总宣传片 男人帮为梦想奋斗本周日晚8点30分 极限挑战第四想知道艺兴为什么要吃草嘛 那就一定要打开电视哟,B2094654DA6AA1FF409F
2018年公益盛典,B2094654DA6AA1FF409F
[心]节目依然很好笑，充满了讽刺！[心][心]今天的嘉宾蔡康永演的也不错！[心][心]哈哈哈！节目录制好了，有彩蛋！[心][心]岳岳，真情流露；岳岳和陈赫唱了《往事只能回味》！啊啊啊！太开心了[爱你][心]最后，节目很贴心！害怕我们饿了，给我们发了面包和矿泉水！[心][心]最后的最后，祝《周六夜现场》长虹！祝岳岳、陈赫，岳来越好！[心]@优酷周六夜现场,B2094654DA6AA1FF409F
重操旧业,B2094654DA6AA1FF409F
真的是巨棒的一个节目，从开始的完全不了解，到现在彻底爱上这档节目，从那个小哥哥开始暖场之后全程都是笑点，后来脸都笑僵了（可以收拾收拾出道了）。后面有两次被杰哥感动的眼泪都快掉下来了。真的是很棒的一档节目，无论是主持人，工作人员还是演员，真的是一个最棒的大团队。现场感觉真的超赞，就是脖子仰着酸，还要一直看着，不愿意错过任何一个画面@优酷周六夜现场&;&;期待播出吧，6月23日优酷视频见！,B2094654DA6AA1FF409F
和火龙果齐刷刷倒在了被窝里今天五点多起床奔波到现在，除了跳舞时候闭了十分钟嘴巴，全程都在叽里呱啦，老母亲急需充电🔋🔋🔋🔋,B2094654DA6AA1FF409F
从接到节目组小哥哥的电话是就很开心，今天看了周六夜现场。[心]杰哥唱歌🎤 超好听，小岳岳跟陈赫也好可爱，热场的小哥哥也好搞笑，所有的道具摄影灯光的效果都特别棒。谢谢节目组的所有人员了，谢谢你们邀请杰哥。陈赫，小岳岳，张杰辛苦了，工作人员们辛苦了。录制完了，大家记得要早点回家休息哦[鼓掌]@优酷周六夜现场@岳云鹏  @陈赫  @合文俊  @宋木子咬肌小,B2094654DA6AA1FF409F
哈哈，第一次做主持人，有很多瑕疵，以后还要多多努力谢谢大家支持,B2094654DA6AA1FF409F
下班8个小时后加油,B2094654DA6AA1FF409F
美好的午后创作时光,B2094654DA6AA1FF409F
小荧星戏曲团加油＾０＾~小南瓜加油＾０＾~小妈也加油＾０＾~谢谢亲爱的霍宝贝，帮我约大咖们。么么哒！,B2094654DA6AA1FF409F
被79年的节目嘉宾喊姐姐 我是闭上眼睛翻白眼的 我成熟了,B2094654DA6AA1FF409F
现场真的非常有意思了！嗓子喊哑没关系！拍手拍到麻木没关系！陈赫本人很高！很瘦！很帅！岳岳怎么本人比电视上还胖@优酷周六夜现场 @岳云鹏 @陈赫&;&;​​​,B2094654DA6AA1FF409F
港风自拍➕三人电视台观众位游__记手掌拍红 嗓子喊哑的职业观众,B2094654DA6AA1FF409F
只要我够快你就拍不到我,B2094654DA6AA1FF409F
第一期播完了 感觉自己像个大傻子失误太多了&;&;抱歉抱歉希望一次比一次强！,B2094654DA6AA1FF409F
三期《型攻略》录制完毕～重感冒的我，这下眼睛更酸，鼻子更了…,B2094654DA6AA1FF409F
不要吐槽我的服装赞助啦，这么大量的录制，我对服装赞助很感恩！,B2094654DA6AA1FF409F
画神闲夏令营，今天进行化妆舞会，还进了录影棚，不知宝贝表现如何？ ​,B2094654DA6AA1FF409F
08.01   小岳岳真的好可爱哈哈哈陈赫真的好帅哈哈哈@优酷周六夜现场,B2094654DA6AA1FF409F
喉咙哑了依然奋斗在录节目一线的 劳模我本人,B2094654DA6AA1FF409F
一次现场看节目录制的体验,B2094654DA6AA1FF409F
2018时尚芭莎明星慈善夜15周年盛典时间：2018年9月9日地点：北京国家奥林匹克体育中心男明星： 陈赫、陈坤、陈晓、邓超、杜淳、冯绍峰、韩庚、胡歌、霍建华、何炅、黄渤、黄磊、黄晓明、贾乃亮、李晨、李易峰、鹿晗、靳东、井柏然、刘烨、陆毅、宋小宝、孙红雷、沙溢、佟大为、薛之谦、王宝强、汪峰、王俊凯、王凯、王源、魏晨、文章、吴亦凡、徐峥、杨洋、易烊千玺、岳云鹏、张翰、张杰、张艺兴、郑恺、李健、陈学冬、大张伟、黄轩、蒋劲夫、张嘉译、张晋、张敬轩、张亮、张伦硕、张睿、张若昀、张玮、张晓晨、张晓龙、张一山、张云龙、朱亚文等。女明星： 、白百何、迪丽热巴、古力娜扎、霍思燕、范冰冰、高圆圆、李冰冰、李小璐、李宇春、蒋欣、马苏、秦岚、刘诗诗、刘涛、王子文、柳岩、刘亦菲、戚薇、宋佳、孙俪、汤唯、唐嫣、佟丽娅、王珞丹、杨幂、杨紫、姚晨、袁姗姗、张靓颖、张歆艺、章子怡、赵丽颖、赵薇、郑爽、关晓彤、唐艺昕、秦海璐、周迅、江疏影、蒋梦婕、江映蓉、江一燕、景甜、鞠婧祎、李沁、李晟、李小萌、李小冉、海清、韩雪、郝蕾、胡静、胡可、张天爱、马伊俐等。名流名人：各大驻华使馆大使夫人、联合国驻华各机构负责人、各国金融投资机负责人、世界五百强企业负责人、各大一流品牌负责人、国内外一流影业集团负责人、国内一流企业家（如：阿里、京东、万达、万科、格力等）第一排圆桌10个位置12个人一桌两位是超一线明星流程一、走红毯，和明星一起走红毯（走红毯可以选明星一起走）；二、酒会，十二个人一桌和两个超一线明星一桌第一排圆桌位置，品酒路易十三；可以和明星合影；三、演出，和两个超一线明星同桌吃饭，可以合影，串桌合影；四、明星和嘉宾合影，环节；保证可以和15位超一线明星合影，可以互相交流、喝酒、合影！想参加的私聊我。,B2094654DA6AA1FF409F
小荧星艺校2019年春季班招生考试今天在东方电视台举行，8点半已有近千人排队，有幸成为今年小荧星播音主持招生的评委，小朋友们都很棒哦，不知道有哪些小朋友以后会是杨老师的学生呢,B2094654DA6AA1FF409F
两天就睡俩小时 我也是很拼了,B2094654DA6AA1FF409F
走台彩排...,B2094654DA6AA1FF409F
收工的我,B2094654DA6AA1FF409F
周一上班实在不得劲……,B2094654DA6AA1FF409F
有点宿醉的早晨，能在食堂喝上一碗粥，整个人都好了。,B2094654DA6AA1FF409F
看节目了嘛？,B2094654DA6AA1FF409F
今天下了好几阵太阳雨也是很久不见了,B2094654DA6AA1FF409F
三月完美收官，四月正式启航,B2094654DA6AA1FF409F
见到大老师，见到庞博梁海源等编剧。开心开心，录制好快啊！一点没累。真的换镜也快，专业的，希望收拾长虹,B2094654DA6AA1FF409F
2018中国好声音的精彩赛，霆锋真的很用心，选歌、改编，太帅了。喜欢刘郡格演唱的那首《作曲家》及打包安琪&;宿涵的对决！,B2094654DA6AA1FF409F
一只努力加班的～,B2094654DA6AA1FF409F
站好最后一班岗， 下班 过年,B2094654DA6AA1FF409F
今天很有幸能够参加《周六夜现场》的录制，作为从第一期就开始追的良心下饭综艺@优酷周六夜现场&;&;，每个星期苦苦追更，为了能够看的特意充了会员，没想到居然被会员的粉丝福利砸到了，收到优酷工作人员的电话，不知道有多高兴，特意邀了好友一起从湖南湘潭坐十几个小时的火车到上海看节目，进到录制现场，首先就被@汪小越&;&;这个稍稍有点自恋的家伙的带领下气氛燃起来，嘉宾的话还是不透露的吧，不过可以给提示哦，香港巨星。看到@岳云鹏 @陈赫&;别提有多开心了，对了，在这里祝赫赫的爱情公寓大卖。再说到节目里最喜欢的两位卡司@合文俊&;&;@宋木子咬肌小&;&;，两位的表现一如既往的棒，还有哦，其实在剧场外远远看到了@合文俊&;&;，很想上去要签名，但看到你貌似在吃东西，想想你应该太累了就做罢了。以为在这第九期录制会再次看到@高颖小花&;&;和@演员刘洋&;&;的小品，却只有一点，我还发现一个和《延禧攻略》里的袁春望很像的李鹏程呢（不要打我ヽ(≧д≦)ノ）哈哈哈，真是一段美好的回忆呢，祝@优酷周六夜现场&;&;收视长虹哈,B2094654DA6AA1FF409F
一开始录我就开始困啊困死了，收工回家睡觉了[皱眉],B2094654DA6AA1FF409F
今日份桌面,B2094654DA6AA1FF409F
现在每天靠烟弹续命，又得到后半夜了,B2094654DA6AA1FF409F
“五一”劳动晚会完美收官✨✨播出时间:2018年5月1日。新闻综合19:55，东方卫视23:25～再见了东视😎👋……再见了美团外卖😏👋……#四月，再见#,B2094654DA6AA1FF409F
不瞒你说我恐怕是得了退休妄想症，还是晚期那种~手动摊手表情,B2094654DA6AA1FF409F
圆满结束！今天宝贝们表现的都非常棒！这段时间大家都辛苦了！好好休息，早点睡,B2094654DA6AA1FF409F
"第一次看现场 献给啊啊啊超开心（地回去赶）
之前在学校每次看招募都超羡慕
终于来玩！
还要看更多嗯！",B2094654DA6AA1FF409F
一天工作结束趁还带妆就厚个脸皮来一张吧……,B2094654DA6AA1FF409F
和妹妹吃完晚上开始工作,B2094654DA6AA1FF409F
打卡不知道第几期👧这期真的特别意外的好看汪小越好可爱哈哈哈@优酷周六夜现场&;&;@笑果,B2094654DA6AA1FF409F
幕后花絮凌晨03:00的工作现场. @优酷周六夜现场 大家辛苦了！,B2094654DA6AA1FF409F
燥起来[话筒],B2094654DA6AA1FF409F
忙碌的一早，终于可以坐下来喝一杯,B2094654DA6AA1FF409F
太满足了！第二排边边已经很满足了，小哇上下台的时候距离很近！我哇状态很好，开始端庄优雅矜持然后慢慢欢脱。不剧透不剧透。@钟汉良 情书终于送出去了 ​​​（又忘了定位纪念）,B2094654DA6AA1FF409F
即将登场，前所未有的九人热座将竞争推入白热化，究竟谁能占稳热座谁又将遗憾离场，本周日晚21:00关注东方卫视《中国梦之声·下一站传奇》给你答案。,B2094654DA6AA1FF409F
中国版《周六夜现场》第一季顺利杀青，感恩每一位编剧、卡司、导演，加油中国喜剧,B2094654DA6AA1FF409F
中国好声音&;林静，喜欢这特色的嗓音，翻唱这首好听的歌曲《安和桥》。[挤眼][鼓掌],B2094654DA6AA1FF409F
早早早，再坚持一天，周末愉快,B2094654DA6AA1FF409F
连着两天一日三餐全吃单位的厉害了我,B2094654DA6AA1FF409F
我竟然从2013年7月18号开始实习，一直在这家单位好佩服我寄几！,B2094654DA6AA1FF409F
💝有一种爱不求回报，有一种爱大公无私，有一种爱奉献到老，有一种爱无怨无悔，这是伟大的母爱。今天是母亲节，祝天下所有的母亲幸福、快乐、健康！,B2094654DA6AA1FF409F
好的小朋友们，实习第一天就感觉有点小累，可不是什么好兆头&;&;​​​,B2094654DA6AA1FF409F
辽宁孩子才懂得的美味………，馋死寡人，加班拼搏，上海✈️大连，机票已订………坐等春节✈️回家长肉,B2094654DA6AA1FF409F
来串了个门...恩...我也不是很好意思让人猜是哪个明星了不做这个节目真不知道台里的棚有这么大,B2094654DA6AA1FF409F
东视五一，劳动人民最光荣,B2094654DA6AA1FF409F
时间过得真快！已经是第四年头最后一次小荧星汇演了。排了一下午的队，还算有点收获,B2094654DA6AA1FF409F
"外卖小哥：“这么晚还没下班啊。”
我：“你不也是。”",B2094654DA6AA1FF409F
2018.09.04 23:54 倒计时四天。,B2094654DA6AA1FF409F
【20180809】刚进台时，有个习惯，总喜欢随手拍窗外的天空，还想着以后可以出一系列摄影集，初、夏、秋、冬。哈哈。这大概是我最后一次拍了，留个纪念。今天还有件神奇的事，一个十年都没怎么联系过的男生问我，“你还记得我的脸吗？大学里，你本是个安静爱笑的女孩...”这问题+评价把我自己都吓了一跳，他跟我说人生要学会止损，必须投入、必须舍得，否则任何事都无解。谢谢亲爱的朋友们，有你们真好！,B2094654DA6AA1FF409F
通宵必备,B2094654DA6AA1FF409F
下班啦晴朗愉快的一周发现拍照时文雅点找好角度就能把我的大腮帮子藏起来了,B2094654DA6AA1FF409F
不到二十四个小时，素材到三剪…剪到出现幻觉,B2094654DA6AA1FF409F
今天又是划水的一天,B2094654DA6AA1FF409F
啊啊今天真的很幸运，从很幸运的抽到现场门票，到很幸运的。。。一切尽在不言中。总之大家期待6月23号的《周六夜现场》，一定不会让大家失望的。还有陈赫真的不胖啊，小岳岳真的自带笑点，张杰就更不用说了还有就是节目正式录制前主持的小哥哥，我要你。希望下次还能参加现场录制，真的很过瘾，来之前是为了张杰来的，看完之后彻底爱上这个节目了。@优酷周六夜现场,B2094654DA6AA1FF409F
兼职活动：跟车投递,B2094654DA6AA1FF409F
周六夜现场，良心节目。6月23播出，@陈赫@岳云鹏 @张雨绮,B2094654DA6AA1FF409F
片场的我有点迷,B2094654DA6AA1FF409F
虽然一张照片都没有，但，真的太爽了,B2094654DA6AA1FF409F
开启新一天的会议叭朝十晚十预定,B2094654DA6AA1FF409F
后期女孩下班了,B2094654DA6AA1FF409F
演出成功～㊗️,B2094654DA6AA1FF409F
超级棒的一次体验！@优酷周六夜现场 全程笑的合不拢嘴，暖场导演棒棒哒～整个气氛超嗨～赤赤和岳岳还有卡司们都超专业～希望下次有机会还可以参加,B2094654DA6AA1FF409F
早上七点半到现在还没完…我要吐了…,B2094654DA6AA1FF409F
2018蓝天下的至爱慈善晚会演出顺利成功耶都趁到合照了,B2094654DA6AA1FF409F
录像真是个体力活[笑],B2094654DA6AA1FF409F
电视台依然是个进去了就没法轻易出来的地方,B2094654DA6AA1FF409F
加班打卡[睡],B2094654DA6AA1FF409F
带着礼物收工回家…,B2094654DA6AA1FF409F
还让不让人好好唱歌了🎤,B2094654DA6AA1FF409F
感谢苏姐见识了东方卫视的节目录制还吃了番茄台的员工食堂看了马丽，朱桢等一众演员的精彩表演,B2094654DA6AA1FF409F
跑了一个小时后的我，直播，一会儿见  ​​​​,B2094654DA6AA1FF409F
请假了，又被中途叫来加班,B2094654DA6AA1FF409F
第一次来电视台录节目，好紧张！,B2094654DA6AA1FF409F
除了  版的好汉歌不会唱之外今晚的所有歌曲，我不看歌词都会唱呃～一不小心就暴露年龄了我还小第8期啦～第一季只剩下2期喽,B2094654DA6AA1FF409F
舞台上的小新星 恭喜小可爱们晋级感谢指导老师,B2094654DA6AA1FF409F
赶上了最后一期录制！啊啊啊～爱神岳～果真骚粉与你最配！！！好想每场都有你，真的真的看不够啊！！！！！,B2094654DA6AA1FF409F
录完节目喉咙疼今天整个人蔫了,B2094654DA6AA1FF409F
拍完才发现自己被沈腾怒怼~~直播，一会儿见,B2094654DA6AA1FF409F
累啊！昨天和王老板请假，老板说，今天直播完就给我放假，我心想，直播完可不就已经一天结束了吗？还需要请假吗？  ​​​,B2094654DA6AA1FF409F
今晚9点，我们的“福尔摩挑”出动了 ，绝不放过任何一个细微的破绽，追寻真相破解这座“孤城”背后的不可思议！,B2094654DA6AA1FF409F
喝彩中华现场拍摄,B2094654DA6AA1FF409F
见了赤赤、岳岳  楠哥每一场秀要录两遍，敬业精神值得点赞👍,B2094654DA6AA1FF409F
@诊所 新棚开工大吉！[红包],B2094654DA6AA1FF409F
最后一期的周六夜现场，偶遇公司实习的小妹妹，一大把年纪被发现追星还是很羞耻的，最后，今天临时组成的粉丝四人组拿到了岳岳签名的衣服，应援口号还是我现教的呢，可是我前排的小姐姐散场后把衣服拿走就找不到人了，我想看一眼都没看到。最后的最后，谢谢@岳云鹏后援会 给的福利，现场看了三次岳云鹏，下一季再约！岳岳最可爱，皇冠给你戴！,B2094654DA6AA1FF409F
这个点下班，明天还得早起不知道还该不该睡觉了呢…,B2094654DA6AA1FF409F
好爱你们这群加班恶魔们[心]舍不得,B2094654DA6AA1FF409F
回家！终于放假了！！！王老板，拜拜[允悲]新年快乐[嘻嘻]@王牌健言-王健 。,B2094654DA6AA1FF409F
录制日，一个脱口秀节目，真不是街舞。,B2094654DA6AA1FF409F
今晚有幸参加了《周六夜现场》最后一期节目录制，见到了陈赫、小岳岳、羽泉、千鹿，最后因为要赶地铁错过了与千鹿合影的机会，只能用朋友的图了，希望下次能有机会啦～@林千鹿,B2094654DA6AA1FF409F
不上班行不行？,B2094654DA6AA1FF409F
准备给自己放假啦～变身～～～[太开心],B2094654DA6AA1FF409F
去现场啦&;&;现场效果超级棒&;&;见到了帅帅的赫赫还有可爱的小岳岳&;可是不让带手机进去没法拍照了&;&;每位卡司都表现的特别棒&;&;都是一条过&;&;比电视上精彩多啦,B2094654DA6AA1FF409F
正在加班加点制作第一集，虽然可以保证好看，但是喜欢的效果被导演毙掉了。。。唉。。。等节目播出给各位看看当初做的效果吧。,B2094654DA6AA1FF409F
今晚，本律师向律师合唱团请了假，专程赶到东方路2000号的东方卫视演播厅，以被邀嘉宾的身份，参加这个“首届上海检察风云人物(团队)”的揭晓仪式，作为对本市检察工作的支持出席本次活动的有市委市府主要领导以及市人大、市政协、市委政法委等领导机关负责人,B2094654DA6AA1FF409F
救命啊电视台烟枪真的多  ​​​​,B2094654DA6AA1FF409F
下一站传奇录制中,B2094654DA6AA1FF409F
今天记得“收听”文娱星天地哦,B2094654DA6AA1FF409F
今晚十点锁定东方卫视《今夜现场秀》[坏笑],B2094654DA6AA1FF409F
素面朝天上节目，手残党和老师学到了很多,B2094654DA6AA1FF409F
今天很荣幸能得到宋思衡老师的指导，开心～～～宋老师是一个很幽默的人@宋思衡,B2094654DA6AA1FF409F
从接到节目组小姐姐的电话是就很开心，今天看了周六夜现场，有最爱的杰哥，真的好帅啊，兴奋到模糊。陈赫瘦了，好帅啊。小岳岳超级可爱。还要表白一下节目组的小哥哥，小姐姐，他们人真好，好亲切的。特别表白热场的小哥哥，有颜值是必须的，还搞笑，你这样你让其他小哥哥怎么办呢。总之录制的非常开心，所有场景的拍摄都特别好。谢谢节目组的所有人员了，谢谢你们邀请杰哥。陈赫，小岳岳，张杰辛苦了，工作人员们辛苦了。节目真的好好笑。@优酷周六夜现场,B2094654DA6AA1FF409F
下班辽,B2094654DA6AA1FF409F
第一季最后一期录制结束啦！今天很开心！也很幸运去了最后一期的录制喜欢每一个人每个人都很优秀这些人越见越喜欢喜欢卡司喜欢陈赫喜欢岳云鹏喜欢嘉宾喜欢导演喜欢每位工作人员更喜欢优秀的编剧！这些工作人员是一个炒鸡优秀的团队每个人都有魅力@优酷周六夜现场&;&;周六夜现场我们第二季再见@王勉__&;&;有了勉哥的手幅和签名照(开心转圈圈,B2094654DA6AA1FF409F
@东方卫视番茄台 砥砺前行 一起加油 收视长虹！,B2094654DA6AA1FF409F
没带助理…蚂蚁搬家，今天的运动量应该够了[二哈]无意间仰望夜空，发现月亮好圆[熊猫],B2094654DA6AA1FF409F
该上班了，教你们一个路上自娱自乐的方法！,B2094654DA6AA1FF409F
小岳岳你听见我吼你你害羞了吗@优酷周六夜现场,B2094654DA6AA1FF409F
节目录制前被摄影师随意采访，不知道会不会播出赤赤比想象中帅好多，小岳岳岳云鹏喜欢他好久，头型发亮雨不大，还赶上末班地铁，奶思@优酷周六夜现场 @岳云鹏 @陈赫,B2094654DA6AA1FF409F
第二期节目来啦！这期大嘉宾乃大美女!@张碧晨_  @东方卫视-今夜现场秀 《今夜现场秀》喜剧秀：张绍刚李大命《是不是...,B2094654DA6AA1FF409F
今日打卡叮💙18.1.19🍂香蕉影视➕东方电视台在爷爷奶奶常看的舒悦“噶三胡”妈妈常看的“新娱乐在线”留下了游客照📷见到了童年偶像何超哥哥@何超_超炫玩家 感觉人生圆满了👌  ​​​​,B2094654DA6AA1FF409F
鼓掌到手红笑到嗓子哑的@优酷周六夜现场 也太精彩了吧坐到摄像大哥旁边的第一排位也是超幸运了！拜托拜托@优酷周六夜现场 抽我送签名照！让我再幸运点吧！3明天考试的我今天为了见杰哥真的很拼了！@张杰 @陈赫 @岳云鹏 都可帅可萌超级奶思！期待6.23开播！,B2094654DA6AA1FF409F
今天的今夜现场秀真的玩脱了还有你们的宋宁宇,B2094654DA6AA1FF409F
北上发展后每年顶多能看到一部他的剧：剧情却越来越糟糕的像去年的《不速之约》：亦正亦邪的角色。今年的这部古装喜剧算是他擅长的、感受不到那种默契：怀念过去。【微剧评2】、杏儿与他的某些搞笑对手戏还算不错。,B2094654DA6AA1FF409F
录制过半啦无论怎么样都值得庆祝一下！继续努力,B2094654DA6AA1FF409F
7天5场录像 进入倒计时⏲️,B2094654DA6AA1FF409F
刚刚录制结束，差点没车了。不过依然很值得，现场听到岳岳唱五环，也听到赤赤唱五环破音，还有两期就录制结束了，有时间一定再去现场，从80后，到吐槽大会，到脱口秀大会，到冒犯家族，到周六夜现场，给人们欢笑很难，一直持续更难，编剧们继续加油。卡司也继续加油。明年就要离开上海了，这种机会应该不会再有了，有这种录制体验，真的挺好。@优酷周六夜现场,B2094654DA6AA1FF409F
@东方电视台 你的灯坏啦,B2094654DA6AA1FF409F
最后一期入库完成,B2094654DA6AA1FF409F
全年业绩预告超20亿且同比增长的概念股 。,B2094654DA6AA1FF409F
第五期优秀优秀超开心有机会一定还去 @优酷周六夜现场&;&;@笑果,B2094654DA6AA1FF409F
上海市五一晚会《新的天地》彩排🎉🎉🎉,B2094654DA6AA1FF409F
真的是对赫赫路转粉 本人其实真的很瘦啦！镜头真的把他的脸拉太宽了给陈赫的飞吻小岳岳接到了哈哈哈哈 小岳岳的五环之歌最后堪称霸屏,B2094654DA6AA1FF409F
纪念人生第一次上电视,B2094654DA6AA1FF409F
专业“镜头式微笑”了解一下,B2094654DA6AA1FF409F
小戏精一枚 猫猫如何演绎薛之谦的暧昧，好专业的喔。 @薛之谦,B2094654DA6AA1FF409F
就在今晚～服化老师变道具师傅～为了美人鱼的效果🧜‍♀️现场挥起了我的画笔～期待晚上丑人鱼🧜‍♂️秒变美人鱼🧜‍♀️@优酷周六夜现场,B2094654DA6AA1FF409F
播出顺利！希望大家继续关注东方卫视《今夜现场秀》,B2094654DA6AA1FF409F
最后一期录制了，十期三个月就这么快结束了，期待第二季了@陈赫 薄荷糖一定每场都在，放心&;不忘初心，赫你同行&;录制结束最后叫了你一声，你居然回头看我了。然而我并不知道要说啥，尴尬脸，哈哈哈，薄荷糖都是佛系粉丝&;陈赫牛逼&;这个梗今天我觉得很棒啊！还有今天拿到了赫赫签名的工作人员，这是最幸运的了吧&#627;陈赫,B2094654DA6AA1FF409F
"很开心参加了第八期的录制，本想冲着小岳岳去的，没想到被赫赫帅了一波，人家根本就不胖好吗？赤赤又白又高又帅！还想对你说那句：“赫赫，不要走啊……”@陈赫 最后暖场导演汪小越也是赞到不行，节目还没开始，已经笑出眼泪😂，还有最想看的宋木子，所有演员和大咖嘉宾孙楠都是很专业，全程无，大家辛苦了！差点忘记说三位大神给我们的收工彩蛋，赫赫,孙楠跟岳岳分别唱了五环之歌，嗨爆全场！爱你们❤️期待能参加下一次的录制！@优酷周六夜现场",B2094654DA6AA1FF409F
东方卫视 今夜百乐门 录制彩排..,B2094654DA6AA1FF409F
你见过凌晨四点的东视么？,B2094654DA6AA1FF409F
一点都不困,B2094654DA6AA1FF409F
@优酷周六夜现场 @张杰  最有钱的 买了版权的[偷笑]棒的节目 杰哥一晚上 又唱又跳 又演戏 还讲四川话[爱你] 不枉我从嘉兴到上海一路飞车赶过来[心] 开路前热场的哥哥真的是很棒呢，在北京录制节目的时候完全没这么好气氛[污]  期待6.23节目的播出[鼓掌],B2094654DA6AA1FF409F
看山不是山，看水不是水，看明白的看门道看不明白的看热闹....,B2094654DA6AA1FF409F
像不像小荧星工作会议哈哈哈,B2094654DA6AA1FF409F
东方电视台录制2019年春晚节目,B2094654DA6AA1FF409F
就算与时间为敌🕙,B2094654DA6AA1FF409F
给力的一天,B2094654DA6AA1FF409F
不要着急，请慢慢长大。不忘初心，经历得起时间的磨砺，终会收获想要的果实。,B2094654DA6AA1FF409F
忙乎了一天，收工了~最近爱上丝绒材质的衣服～嘻嘻(♡˙︶˙♡),B2094654DA6AA1FF409F
受邀和电视台少儿节目主持人一起录节目，不受控制的小朋友，在旁边的我只能干着急。也罢，毕竟还小，不怯场已经不错了。,B2094654DA6AA1FF409F
'  感谢拍照的摄影老师——@盛一伦@广播人叶波,B2094654DA6AA1FF409F
准备出门前，老板突然要工资数据，急死我了总算到了,B2094654DA6AA1FF409F
好像脱口秀不黄不荤就不搞笑,B2094654DA6AA1FF409F
在台里见到了本间贵史 妈哟 做梦都想让他帮我改造家,B2094654DA6AA1FF409F
百无聊赖的后台了,B2094654DA6AA1FF409F
周六夜现场。超级嗨，超开心能现场看小岳岳，陈赫的新节目，感谢优酷和东方电视台给的机会。对了，张杰唱歌好听，节目段子爆笑；陈赫的综艺感特别强，节目段子爆笑；小岳岳胖了，节目段子爆笑；卡司们表演超到位，小岳岳胖了；那几首改编歌共鸣感超强，小岳岳胖了……@优酷周六夜现场,B2094654DA6AA1FF409F
小荧星二、四年级汇报演出拉开序幕期待孩子们在最美的舞台上闪闪发光,B2094654DA6AA1FF409F
喜欢老板，还有大家  ​​​​,B2094654DA6AA1FF409F
今晚八点开启膏方课程！,B2094654DA6AA1FF409F
太开心，笑得肚子太疼了[笑]我身边的人太好运了，最冷静的粉丝居然拿到了签名恤！@大张伟 人间精品音乐响起来的时候我整个人就燃起来了！我就想站起来嗨！ 抓这个笔、那个笔、各种笔！！,B2094654DA6AA1FF409F
又是一年演出时,B2094654DA6AA1FF409F
很久很久，没提笔了……,B2094654DA6AA1FF409F
倒计时：距离第一期录制还有六天！,B2094654DA6AA1FF409F
一般当女人画上眼线、烟熏妆，涂上深色口红时，就是要放大招儿了,B2094654DA6AA1FF409F
"酷炫吊炸天「贱萌」赫赫+岳岳&;帅气张杰嗨翻全场，粉丝的呐喊尖叫，燃🔥杰哥的演·唱～瞬间路转粉扎心排行榜的5首歌&;《瘦不下来》绝对可以引领新一波潮流，反正我是被洗脑了快节奏不的录制让我赶上了末班地铁🚇,中转站却坐反了可能是因为太兴奋了吧，哈哈哈～今晚超开心更多精彩节目请看6月23日的@优酷周六夜现场 一起翻开人生喜剧新篇章。'",B2094654DA6AA1FF409F
@优酷周六夜现场&;6月10日晚上的录制真的棒极了，从主持人@岳云鹏&;&;@陈赫&;&;到嘉宾@张杰&;&;，还有乐队老师，演员们，都是那么的负责任，如此的优秀，从郑州站了10多个小时到上海，为了见杰哥第一面，再累也值了。今天晚上的现场燃爆了，爽翻了，喉咙喊的都哑了，杰哥带来的歌曲都非常震撼。接下来就是期待演唱会了，门票备好，等你来@张杰&;再次的感谢节目组,B2094654DA6AA1FF409F
@优酷周六夜现场  看到最后一场录制啦 小岳岳真可爱,B2094654DA6AA1FF409F
"今日直播   : 17:30,  03,2018 ​​​@朱廉安&;&;​​​",B2094654DA6AA1FF409F
为了凌晨集合前多睡半小时居然在隔壁汗蒸房睡了一夜从高速一路化妆到电视台佩服自己的抗手抖抗晕车能力😂这群小可爱真的很棒在候场时冷到挤我怀里一上台只跳了一次导演就超级满意[强]圆满结束 一出来就下起了大雪❄️开森～,B2094654DA6AA1FF409F
进公司就看到那么有爱的照片放在桌上 还有一本书 📖 你怎么知道我就是这样的女子呢[害羞],B2094654DA6AA1FF409F
下班才发掘下雪了,B2094654DA6AA1FF409F
注定要通宵的  ​​​​,B2094654DA6AA1FF409F
看完节目录制肥家啦，听说这是第八期，还有两期就要录制结束了，我肯定每期都看，顺便把这期在电视上再看一遍,B2094654DA6AA1FF409F
热泪盈眶，时代榜样。2018年4月， 倒在了办公桌上。早前就订好的那张赴女儿毕业典礼的机票再也没能兑现...生命总有遗憾，也许永不道别就总能再相见...,B2094654DA6AA1FF409F
通宵第四天 不倔强了…,B2094654DA6AA1FF409F
"@优酷周六夜现场 @张杰  
最有钱的 买了版权的棒的节目 
杰哥一晚上 又唱又跳 又演戏 还讲四川话 
不枉我从嘉兴到上海一路飞车赶过来 
开路前热场的哥哥真的是很棒呢，在北京录制节目的时候完全没这么好气氛  
期待6.23节目的播出",B2094654DA6AA1FF409F
夜晚下的小番茄挺亮的@力量之声 @吴敏霞 结束了愉悦的工作～～,B2094654DA6AA1FF409F
刚面试完 就收到 效率不错。纪念一下第一次穿,B2094655D264A1FD499D
分享美图—高端会议室就是这样的,B2094757D16EA5FD439D
出入境静安现在都快爆仓了 目测有不下300 人 闷热得要死 看到你们公众号这里写着几十人才被骗过来的... 你这个公众号实时 可以负点责任吗？静安点看着很吓人啊 你们控制下流量不行吗？预约了跟不预约完全没有差别 小小大厅塞满人 感觉有安全拥挤踩踏的隐患 而且小朋友也很多！,B2094450DB68A2F54093
"最后写的是,",B2094654DB64A3F94292
实在是受不了做人基本道理都要花一天时间来讲 能不能有少一点代沟的人来弄这种我都觉得自己进传销了,B2094654DB64A3F94292
公司妇女节发的花，被我顽强地养到了今天,B2094654DB64A3F94292
辛苦的一天 理解出外勤的人们的累了下班回家咯,B2094654DB64A3F94292
帅的人已经在工作了,B2094654DA6AA0FD4693
上班是真的累哦,B2094757D16DA0FC4499
受上海华谊集团培训中心的邀请，赴上海华谊集团近40位管培生与20几位钦州项目、环保公司、新燃料电池的学员进行为期两天的《业主方工程建设项目管理计划编制训练营》培训，两天的辛苦换来的是满满的收获,B2094757D16DA0FC4499
我快要坚持不住了……,B2094757D06FA2F4489A
，上班了，烦死了,B2094757D06FA2F4489A
等我应聘上了，大家以后缺钱花尽管跟我说，别客气哈！,B2094757D06FA2F4489A
难得准时下班的一天,B2094757D06FA2F4489A
这就是我每个周末上课续命的东西……,B2094757D06FA2F4489A
公司的东西越来越漂亮！,B2094757D06FA2F4489A
好饿外卖小哥走丢了嘛？,B2094757D06FA2F4489A
在上海印钞公司门口折的栀子花。好香，突然想起小时候来。,B2094757D06FA2F4489A
2018再见，最后一个工作日依然在加班中度过~还留了点活儿，再见已是2019~年年有余,B2094757D06FA2F4489A
现在是移动支付时代、印钞厂也没有生意了,B2094757D06FA2F4489A
有病，周末来上班！,B2094757D06FA2F4489A
在这里上班是不是很幸福,B2094757D06FA2F4489A
第6个工作日…,B2094757D06FA2F4489A
加班使我快乐[馋嘴],B2094757D06FA2F4489A
产品。市场。,B2094757D06FA2F4489A
完成人生成就：参与一次完整的招投标项目（1/10）,B2094654D565A0F8439D
铁胆火车侠基地[并不简单],B2094654DB64A2FB4999
#上海·上海市公安局徐汇分局[地点]#&;&;&#0;举报周末装修&;&;,B2094757D66CABF9429F
"数不清这是今年第多少个通宵了……
希望接下来的日子，一切安好！@香葱爆爆爆小虾",B2094757D16CA4F4459F
这两个项目，貌似将我的重度强迫症差不多治愈了！接下来的项目，估计差不多可以根治！！！,B2094757D16CA4F4459F
一到周五，事特多！白天想安心画个图？那是不可能的事……,B2094757D16CA4F4459F
一幅画，画完了就是画完了，失败的作品再修补也还是失败的作品,B2094757D16CA4F4459F
7月底刚过去，8月底又来了！9月底还远吗？现在担心的不是各种出图，而是……日夜念叨的我妈，要把孩子带回老家……不然就要我们自己带娃……,B2094757D16CA4F4459F
最近事情真的挺多的……,B2094757D16CA4F4459F
谁不想周末在家陪老婆孩子家人，的！这班加的“妻离子散”了啊！！！！无节操，无,B2094757D16CA4F4459F
今天是之前一位天华同事生日，可惜他已经不在了，纪念他,B2094757D16CA4F4459F
早9点的办公室……呵呵……,B2094757D16CA4F4459F
280天！加油💪🏻,B2094654DA6AA7F54899
路过天士力药业多次，今天终于进来学习，先在展示厅听产品介绍，再披上进入车间参观，第一次披白马褂感觉行医了，听得产品研发多年之不易，特别民生健康的生物医药，现在还是投入阶段没盈利，真是路漫漫求修远，上下一心来求索。。。,B2094654DA6AA7F54899
加班……,B2094654D564A2FD449C
看樱花的路上被回公司处理，心累。。,B2094654DB64A3FA4199
真累…,B2094757D16CA6FE479D
下班了,B2094654DA6AA0F4419C
"刚签个字还被经理笑话了
好伤心，心都碎了",B2094654DA6AA0F4419C
好想换工作，,B2094654DA6AA0F4419C
不说不争不解释是一种豁达准备过冬的衣服'吃饱喝足好好上班,B2094654DA6AA0F4419C
明天中秋节的人家都团圆了，我这是什么心情？,B2094654DA6AA0F4419C
我发了诊断报告给你，你连回都没回我以为你在忙我回到公司看到你在办公室看手机都没有回我的信息请问我该怎么不生气？怎么不伤心？怎么不斤斤计较？也许你想要的气度我根本就没有再傻的人也不至于这么没有自尊,B2094654DA6AA0F4419C
市吴检赠送检察院周边,B2094750D26BAAF8439E
我就默默的值班，看看就好,B2094750D26BAAF8439E
提前下班，打球去🏀🏀负责的案件部分已完成✅,B2094757D064A3FC479E
打工的第一天🆙🆙,B2094757D16EAAFB499D
准备接受批评，认真学习,B2094757D16EAAFB499D
日子不能一天一天的随便过✅事儿也必须一件一件认真做✅为一直在努力的自己加个油⛽️期待！明天！,B2094757D16EAAFB499D
今日厕所保安 胖肥师傅,B2094757D16EA5FD479E
既然您只肯收现金，干吗要开立两个银联卡支付窗口来误导我们呢，这么冷的天气再跑到外面去提现，真的很提神。,B2094654DA69A3FF4898
过来办签证 发现即将过期了 又要拖时间了,B2094654DA69A3FF4898
刚拿完批件，等待办理签注的时候……航班取消了&;&;真是跪了,B2094654DA69A3FF4898
最后十分钟赶到办完就全部都下班了惊险刺激,B2094654DA69A3FF4898
怎么每天都很困呢。@东鹏特饮,B2094654DA69A3FF4898
这也太方便了吧～以前要等1个小时，现在就像取钱存钱一样,B2094654DA69A3FF4898
这么让人心花怒放的事情还是亲脚跑一趟咨询才妥帖的。你想呀，美加都给我们同胞十年多次往返签证了，我亲爱的祖国也不会亏待我们这些海外游子的。,B2094654DA69A3FF4898
每次来出入境管理局都不禁赞叹，这里的效率高，超方便大多数行政机构办事的流程明确，效率比较高，这是上海特别吸引人的一点之一,B2094654DA69A3FF4898
"现在办签注好快
网上预约好
楼下拍照
楼上机器自助
全程五分钟不到",B2094654DA69A3FF4898
呆了三小时了……,B2094654DA69A3FF4898
办个港澳通行证，护照过期了也顺便重办,B2094654DA69A3FF4898
这俩天跑了几趟公安局，出入境。。。网上查不到详细资料，电话也没人接。。。只能说不同的人，不同地方的人。。还真不一样。 凡事纵有因果。。。希望一切顺利,B2094654DA69A3FF4898
办事效率高,B2094654DA69A3FF4898
饿到虚脱,B2094654DA69A3FF4898
上海市 公安局出入境管理局总部。在地铁2号线-3号出口,B2094654DA69A3FF4898
陪同人员始终像个傻逼,B2094654DA69A3FF4898
来办护照，碰到电脑机器坏掉，这运气,B2094654DA69A3FF4898
最后一天出入境，完结撒花。,B2094654DA69A3FF4898
美好的休息天我却要在这里 浪费时间,B2094654DA69A3FF4898
想改名叫：今天我去出入境了嘛  公司别再招外国人了,B2094654DA69A3FF4898
签注签注,B2094654DA69A3FF4898
这么好的天气上什么班啊,B2094654DA69A3FF4898
自助打印出入境记录也休息吗，让利用午休出来办事的老百姓怎么办@上海市公安局出入境管理局,B2094654DA69A3FF4898
，明天再来一趟吧…,B2094654DA69A3FF4898
换证,B2094654DA69A3FF4898
一小时搞定港澳签注无户口无居住证无社保的三无人员也顺利的不要不要的[嘻嘻][嘻嘻]爱我大上海[爱你][爱你],B2094654DA69A3FF4898
今天到我大浦东外高桥出入境受理点（日京路38号）办理港澳通行证续期，这里的环境和服务态度都是一级棒，等候时间又少。我叫黄阿忠，是一名画家，每年要去很多国家采风，护照厚厚的几本，也算是签证“大户”，今天这里是我办理签证各个网点中最最满意的一次，必须赞一个👍@沪上阿忠 @上海市出入境管理局 @每日上海,B2094654DA69A3FF4898
在浦东出入境管理处办事，看到十数名貌似朝鲜裔的年轻人（女性为多，只有两三个男性）。着装统一，表情一致，规规矩矩地坐在等候区，讲话都很小声。感觉他们是在附近朝鲜餐厅打工的服务员。他们这是要回国了吗？,B2094654DA69A3FF4898
相较之下，我还是喜欢以前簿子式的港澳通行证，更有仪式感。有签注的贴纸，有出入境日期的敲章，签注满一本再换新的一本，记录着我每一回横跨两岸的往来。念旧的时候可以掏出来看看，就算把纸翻烂了，把页翻旧了，它还是一本我和香港的“结婚证”。,B2094654DA69A3FF4898
5年前就办好了的港澳通行证，一次没用过结果过期了都不知道，今天又来重新办，20天才能拿到，接下来一定要实现环台。,B2094654DA69A3FF4898
来来来港澳约起,B2094654DA69A3FF4898
现在换护照真心方便啊！！全程只在窗口签个字，除了必须用现金没什么槽点了……,B2094654DA69A3FF4898
真是受到不公平对待。去出入境管理局排队安检，碰到老外又是笑脸盈盈又是给人家拿包，语气温柔。我们自己中国人就冷漠到不行：过了安检，把手张开，再拿包！翻起脸来真的比翻书还快。,B2094654DA69A3FF4898
今年我又掉东西了 钱包一枚 银行卡两张 居留证一个 咖啡积点卡两片 名片十张 收据凭证若干 或许还有些我不记得的会员卡们 整个事件的点就是其中银行卡里有一张是我妈妈的“退休卡”（退休金补贴汇进的卡）这张卡办起来关联到所属银行 原退休单位 社保医保中心 加上最近我妈妈护照正过期在办理中的大使馆 每家银行有其不同的操作系统 偏偏我妈妈这家是尤其复杂（ ) 还有一些更复杂原因就不能再说 再说了 一旦出事 才更加确定“关系”的重要性,B2094654DA69A3FF4898
这一早，从宝山~虹口~浦东~杨浦，就为了办个证，服了,B2094654DA69A3FF4898
效率太高了，两分钟就完事了,B2094654DA69A3FF4898
长途跋涉续签.没玩没了的,B2094654DA69A3FF4898
效率真的高,B2094654DA69A3FF4898
护照和通行证终于都办好了，不用回老家了，又了了一桩心事,B2094654DA69A3FF4898
从来没有人告诉我…出入境管理局…里面…像商场（虽然周六人茫茫多但是我的业务办不了,B2094654DA69A3FF4898
所谓预约原来就是把人分流了排队？还不如叫号了呢,B2094654DA69A3FF4898
以为要一个小时 没想到5分钟就办好了 [愛你],B2094654DA69A3FF4898
好大的掸(胆)子：就照做了、从此以后。人们看到都会赞一句,B2094654DA69A3FF4898
网上预约果然快，七个工作日就可以出来了,B2094654DA69A3FF4898
周末过来人好多，但是流程特别顺利，尤其是网上预约了还可以节省不少时间。还有一大早的体检，每个项目检测完表格就会填写下一项去往的牌号，连早餐也在流程内，就不用担心无头苍蝇乱撞了。一切都很顺畅。喜欢这种感觉。哈哈下午还有部门的团建活动。,B2094654DA69A3FF4898
无力吐槽出入境管理局这个支付方式，可微信可刷卡～然而微信登录只能用银行卡账号支付～这这这～方便快捷在哪@上海市出入境管理局,B2094654DA69A3FF4898
一个护照160,B2094654DA69A3FF4898
终于搞定啦，孩子们的护照也都更新好了！我自己的话虽然我忘记带身份证了，好在和领馆确认我护照依然可以用太好了！简直没枉费我单程两小时的路啊！各位亲，护照空白页有钉子和免税章是依然算空白页的哦，了解一下大家以后也不用白跑啦！赞一下图二的伞！美好的大魔都，希望妳越来越美！,B2094654DA69A3FF4898
护照更新,B2094654DA69A3FF4898
奔波了一天终于完齐,B2094654DA69A3FF4898
取护照,B2094654DA69A3FF4898
一大早就出门办事,B2094654DA69A3FF4898
自助取证,B2094654DA69A3FF4898
2018年的第一场大雪带来好运，如愿以偿拿到五年多次往返签证，可以行走天涯，说走就走想回就回。,B2094654DA69A3FF4898
哇哇哇！微博定位好神奇！我在相册里选了一张照片，它竟然帮我精准定位了到了上海市出入境管理局。没错没错，我来出入境管理局办个人护照的。以前户口没迁来上海的时候觉得为了护照回老家一次有点麻烦，现在户口迁过来了还是犯懒，于是熊在磨了我十四年之后终于等来了我自愿去办个人护照（以前出国都是办因公护照的哈哈）。办事体验相当好！超级便捷！十分钟搞定！一层的休息区里我竟然发现了多年不见的酷儿饮料！好吧，这样终于可以和熊出国了，磨了我十四年我突然自己开窍了,B2094654DA69A3FF4898
每年都要来这里，真麻烦。,B2094654DA69A3FF4898
来取证，依然感觉这里工作人员态度超好，热情，细致，和善,B2094654DA69A3FF4898
痛痛快快搞定签注，今年见[吃瓜],B2094654DA69A3FF4898
领。证。了。,B2094654DA69A3FF4898
接嘟嘟放学后来取港澳通行证,B2094654DA69A3FF4898
公共场所办事大厅真是个非常有趣的地方。来来往往，等待的人们有的熙熙攘攘，有的百无聊赖。还有像我这样对着人群来回观察的。这时景里带小孩子的，带老人的，带伴侣的，无不都想着要出国遛遛弯的。恍惚有在机场的感觉,B2094654DA69A3FF4898
昂~今天去民生路给闺女办好了护照路过嘉里城顺便放飞自我一次买了四种蛋糕每个都不放过~离减肥的路越来越远了 ​​​,B2094654DA69A3FF4898
效率港澳通行证还是这款环保又便捷，科技发达，造福才是根本，给政府点个赞,B2094654DA69A3FF4898
黄浦法院执行人员固定接待时间表,B2094654DA6FA3FC499D
我的眼里只有蓝色，客户就是上帝。,B2094757D064A5F9499E
司法局的食堂生活不错，适合减肥,B2094757D064A5F9499E
冒着大雪赶到@上海市司法局 观看”真人、真事、真情”讲述律师自己的故事—— 上海市律师协会“聆听律师的声音”演讲（第二季），现场感受律界大咖们的非凡人生。,B2094757D064A5F9499E
开会,B2094757D06AAAFB4393
来办事，打卡,B2094757D06AAAFB4393
晚间，打卡。,B2094757D06AAAFB4393
再见文广局！你好文旅局！,B2094757D06AAAFB4393
：只想睡觉,B2094654D565A7F9409E
感谢交大的材料学院的院士的授课.勿忘初心❤,B2094654D56CA2F5499E
每次开会都没有带笔和本子，好羞愧临时买了一本我要去买本老板笔记本和一支好笔，装的一手好逼,B209475CD66BA2FE459A
上海市金属结构行业协会六届三次会长会议，中国工程院叶可明、江欢成院士出席会议,B209475CD66BA2FE459A
画了80%的图，不知道怎么一顿操作以后，再打开就剩一个角钢了，吓哭,B2094654DA6CA7FE4493
回老东家开交流会感觉不错,B2094654DA6CA7FE4493
时隔两个月回院里快把我给憋死了,B2094654DA6CA7FE4493
办公室里此起彼伏的好冰啊空调太猛了，喝着冰饮瑟瑟发抖,B2094654DA6CA7FE4493
做了几天实验，问题好像终于要解决了🤗🤗,B2094750D26EA5FF439E
做了两天质谱啥也没做出来，💧眼里还进了氨水，，心情💢很，，#唯有吃才能安慰我受伤的❤️#,B2094750D26EA5FF439E
分装了一下午抗癌药💊💊，现在有点缺氧🙃🙃 上海市检测中心,B2094750D26EA5FF439E
下班下班[跪了][跪了],B2094654D56DABFE4599
交个电费，得跑到“九龙”，原来自己离香港这么近！,B2094654D56DABFE4599
赶在下班最后一秒完成所有工作，终于放假啦,B2094654D56DABFE4599
努力奋斗管线,B2094757DA6EA5FD489F
新时代里程碑式开启模式,B2094757DA6EA5FD489F
想做好任何一件事，都得努力付出，办个绿卡一个部门跑来跑去要好几次!生命就在这个过程中消耗。。。。,B2094757DA6EA5FD489F
在狂风暴雨中，本律师再次赶来第一中级法院。为了因火灾而产生的七个索赔上诉案中的两个健康权案，今天约在该法院签订和解协议；至此，七个索赔案均已结案。，法院认定相关小区物业公司因对消防设施未尽维护管理义务而应承担赔偿责任，我的不懈努力终得回报！,B2094757D06FABF4469F
为了因火灾而产生的七个索赔上诉案中的五个物损案，本律师今天再次赶到第一中级法院(这次是第十六法庭)出庭，仍为友情代理。起火原因被公安机关和一审法院认定为电源插座电气线路的故障。不仅我委托人的家中被一场大火完全烧光(而且，我的四位委托人中的一位已在二审开庭之前因病加上忧伤而去世)，还波及到了好几家邻居；邻居们还分别向我那值得同情的委托人提出了索赔起诉。经过我的不懈努力，本案一审判决已认定该小区物业公司因对消防设施未尽维护管理义务也应承担赔偿责任，我因此也尽到了身为执业律师的份内职责！,B2094757D06FABF4469F
早到了一小时，刚好遇见法官。法官问咋来这么早迟到了你按我撤诉处理啊,B2094757D06FABF4469F
今早阳光明媚，却依旧寒风刺骨。一大早赶到法院，与对方交换证据。团队代理的又一起大智慧索赔案判决结果即将揭晓。,B2094757D06FABF4469F
为了某个提供劳务者受害责任纠纷案(这个案由以前并不多见，但我觉得很实用；目前该案已进入二审阶段)，本律师今天再次赶来第一中级法院出庭代理,B2094757D06FABF4469F
我真的只是旁听人员&;&;​​​,B2094757D06FABF4469F
大智慧因信披违规，股民索赔维权进行时。2014年2月28日至2015年11月7日买入，并在2015年11月7日后卖出或继续持有的朋友可以维权,B2094757D06FABF4469F
法官：今天开庭到此结束，双方阅看笔录无误后签字。被上诉人：法官大人，我们这边还有证据，可以提交吗？法官：开庭已经结束。,B2094757D06FABF4469F
法庭谈话就是开庭，要是组织部找谈话就好了,B2094757D06FABF4469F
年前最后一个案子，移送中院后调解结案。可惜对方是非诉律师，诉讼水平实在是惨不忍睹。没有对比就没有伤害，突然发现自己还是蛮机智伶俐的。,B2094757D06FABF4469F
法院实习🔚认识很多法官老师 很 出现不太会处理的状况都会耐心指导我 与当事人沟通 帮助当事人完成案件的查询工作 并其解决 接收材料等一系列工作在法院实习获益良多 对我来说 是成长的一部分 收获满满 感恩～❤️,B2094757D06FABF4469F
继民事一审、刑事一审独立开庭后，马克第一次独立开二审。按照传统虚岁的算法，我也是执业两年的老律师了,B2094757D06FABF4469F
安检人员问我哪个法庭，我随口答了一个。旁边的律师说“啊！咱俩对庭，一审中咋没见过面呢？”,B2094757D06FABF4469F
今天本律师赶来第一中级法院的第四十法庭，为了一个执行复议案中的复议申请人而出席听证，以维护其合法权益也趁机更加了解到了各级法院设立的执行裁判庭之功能,B2094757D06FABF4469F
开庭,B2094757D06FABF4469F
秦哥这辈子实习工作第一天,B2094757D06FABF4469F
今天本律师再一次赶来第一中级法院。为了因火灾而产生的七个索赔上诉案中的两个健康权案，今天终于在该法院签订了调解协议；各方在8月17号因故未达成协议，于是才有了今天再一次的一中院之会。耐心、坚韧、沟通、协调等，也是律师所必需的。本律师在这七个案子中的最大成果，就是促成了法院认定相关小区物业公司因对消防设施未尽维护管理义务而应承担赔偿责任！,B2094757D06FABF4469F
这算不算工伤,B2094757D06FABF4469F
每一次的开庭，都有第一次的感觉，受人之托 忠人之事。,B2094757D06FABF4469F
第一次外勤,B2094757D06FABF4469F
工作十年，不知老板是谁？！上海奔腾电工有限公司逼迫中高层管理人员集体辞职，痛切体会到何谓过河拆桥，卸磨杀驴，恶意抹灭所有人九年的耕耘和辉煌的市场结果。被逼迫离开时，企业否认九年员工劳动主体！年底讨薪的不止农民工，还有被强行克扣工资的管理层 。为的不是钱而是一个公道！,B2094757D06FABF4469F
第一次旁听，倒吸一口凉气……,B2094757D06FABF4469F
周五啦,B2094757D06FABF4469F
@上海浦东新区法院&;&;@上海一中院&;&;@上海法院&;&;@上海同城会&;&;@新浪上海&;@最高人民法院&;&;@浦东检察院&;&;@上海检察&;本以为上海的法律环境会比内地好很多，经历了两次才发现真是大巫见小巫，真没想到年纪轻轻就这么大的官威吗？牛逼的要上天。都过了年底结案的时候了，你为了自己省事，刚立的案子还没开庭就让原告撤诉，说办理公告送达还要排队？还威胁原告，说不配合的话，以后要审结前一个案子才能立下一个？哪条法律这么规定的？你这么称霸一方，知法犯法还这么理直气壮吗？这个“人民法官”，人命法官，人民币法官，可真是人民的好法官！,B2094757D06FABF4469F
又来中院二审开庭 上次二审打输了 给我直接改判了 &;&;伤心💔,B2094757D06FABF4469F
上午庭审刚结束，紧接着下午又来立案，这个夏天注定是个忙碌的季节...,B2094757D06FABF4469F
为上海市第一中级人民法院提供的免费复印服务点赞,B2094757D06FABF4469F
申字头案件，陪心存侥幸的对方当事人走起。,B2094757D06FABF4469F
开庭前先调整好话筒，一个超级小案，当事人不服一审判决，提起上诉，时间也是成本。,B2094757D06FABF4469F
半夜还在施工，这到底是要闹哪样？还让不让睡觉了？投诉也没有用@上海发布 @上海长宁 @东方卫视,B2094757D06FABF4469F
上海市第一中级人民法院。,B2094757D06FABF4469F
任何案件都需要认真准备每一个细节，尤其是二审案件,B2094757D06FABF4469F
开庭,B2094757D06FABF4469F
今天在执行局又学到了，既如何不得罪法官，又能维护当事人利益的话术,B2094757D06FABF4469F
等等…………开庭[挤眼],B2094757D06FABF4469F
办事效率还是很高的,B2094757D06FABF4469F
为了因火灾而产生的七个索赔上诉案中的两个健康权案，本律师今天赶到第一中级法院出庭代理；起火原因被公安消防部门认定为电源插座电气线路的故障，不仅我委托人的家中被一场大火完全烧光，还波及到了好几家邻居，并分别向我那值得同情的委托人提出了索赔起诉。经过我的努力，本案一审判决终于认定该小区物业公司因对消防设施未尽维护管理义务也应承担赔偿责任。这七个案子中我的四位委托人中有一位，已在二审开庭之前因病去世，实在使人痛惜！,B2094757D06FABF4469F
心情不好，工作好忙，付出和收获不对等啊，讨厌的,B2094757D06FABF4469F
心疼上诉人，没有委托律师自己来了，被法官骂得狗血喷头。就像奇葩说里薛兆丰教授说的，专业事情交给专业的来，他们为此搭进去了自己的身家和名誉，不像有些键盘侠，动动嘴皮就可以了，并没有付出什么东西。,B2094757D06FABF4469F
不管民事刑事，穿好运动鞋好跑路，不挨打,B2094757D06FABF4469F
又周五了啦啦啦~,B2094757D06FABF4469F
今天是和中院的约会 🗣要加油鸭 🦆,B2094757D06FABF4469F
迟到的只能做最后一排了🙃,B2094655D26BABF9429E
跟同事合拍,B2094655D26BABF9429E
"每天回家为其洗脚,捶背，不仅仅是一个男人；按摩！想想朋友的朋友说的话、朋友的朋友帮忙使其夫妻回到正常生活轨道！",B2094655D26BABF9429E
建造时偷工减料就会成危楼。也有一扇可以进出的门……即使是监狱！如果没有着火逃生设备也不小心应变..还有所有的房子都一样，【哲理文摘】每个人都期待一份至死不渝的感情……有时因原来施工不良就会漏水、有时一场一大台风会吹破玻璃，很感人哦~~！但感情如房子、年久失修就会长出壁癌。,B2094655D26BABF9429E
一分惜败浦东法院啊,B2094757D06FA0FC419A
审判员是女性的感觉真好。,B2094757D06FA0FC419A
今天就很什么都没学,B2094757D06FA0FC419A
现在的季节，温度适宜。9点的庭，现在已到法院旁停车场，呆在车上用碎片时间抓紧学习工作，不冷不热。,B2094757D06FA0FC419A
下午一个劳动纠纷案子在二中院开庭，当事人一审败诉，二审更换我们作为其代理人，尽管没有太有力的证据，但是一审判决存在不少瑕疵，希望最终能赢得一个公正的判决。,B2094757D06FA0FC419A
一次开庭明白很多律师助理的后方支持律师的严谨全面一个想不到局面就会天翻地覆,B2094757D06FA0FC419A
还是作犯罪嫌疑人好，否则要不做个死人，要不全家变死人。毕竟现在的天朝是保护犯罪人员的,B2094757D06FA0FC419A
9点的庭，7点半就妥妥到法院停车场。。。。。等开门[奋斗],B2094757D06FA0FC419A
打卡～办完事情肥家家～ ​​​@神神刀刀&;&;@长夜未央有殇歌 ​​​,B2094757D06FA0FC419A
仪老师说，现在开庭给他一周的准备时间特别不安心，至少要一个月。这才是情怀啊，共勉。,B2094757D06FA0FC419A
一年了，总算有案子二审了。,B2094757D06FA0FC419A
实习最后一天了以后可能再也不会这么自如的进出法院也不会吃到这么便宜的早餐不会每天听着形形色色的上诉人被上诉人不会看到这么多离婚 争夺遗产的家庭撕逼案更不会有比这还清闲的实习了但是还是要走了 不断告别 不断前进  ​​​​,B2094757D06FA0FC419A
【代理一起涉嫌合同诈骗案开庭- 无罪辩护！！！】本案公安两延，检察院两退，到了法院换两法官延三次，到了法院后仍然补侦两次！！！终于等到今天，我们将在这里奋战两天！！！看你还有什么招（   ），尽管使出来！！！,B2094757D06FA0FC419A
审判长挺帅的,B2094757D06FA0FC419A
，中院开庭,B2094757D06FA0FC419A
脱鞋安检的第一次旁听还只能特定,B2094757D06FA0FC419A
开了一个很恶心的庭，二审。人如果没有尊严，也是不值得同情。,B2094757D06FA0FC419A
被刷新三观，某人账户被法院执行划扣几百万竟然没察觉,B2094757D06FA0FC419A
今天的行政庭真是又困又好笑。审判长:“原告你不要总是打断我，还有你能不能简明扼要地辩论，语气不要太激动，你语速这么快还表达不清楚，我们根本不知道你在说什么，书记员也记不下来。”原告:“我性格脾气就是这样，你们就忍耐一下。”审判长:“法庭是没有义务忍耐你的。”原告:“你不能要求一个60岁以上的人还要改脾气，我也没有义务去改！法庭也没有要求我说话一定要多少分贝！”……围绕着性格脾气争执了几分钟……审判长:“原告你应该具备基本的法律常识和法律观念，法庭上不能打断审判长。”……（原告继续争执，接着陈述辩论）审判长:“书记员记一下刚才这个陈述。”原告:“什么叫记一下，这个是必须要记的！”……原告陈述完了，指出被告证据文书上存在一些逻辑和语文错误。审判长:“我非常认可你刚才说的一句，每个人都需要法律常识和语文素质。”原告:“对！”……光听审判长和原告叨叨叨差不多就行了，叨了两个半小时都没叨完，也没被告什么事了……苍天！为什么每个周二下午我都是狂奔回来上晚课🙅,B2094757D06FA0FC419A
套路贷，公诉机关以诈骗罪指控，涉案金额1700余万，共11个被告，代理被告一。师父让我自己来，前天晚上就开始失眠。硬着头皮上咯，第一个发言没啥不好。以及，排庭两天一天就能开完还是很开心。以及，在其他辩护人发表辩护意见的时候发微博是不是不太好,B2094757D06FA0FC419A
在办公室昏昏欲睡，老师突然给我吃的，瞬间清醒,B2094757D06FA0FC419A
刑一庭的一个月应该会很刺激,B2094757D06FA0FC419A
冒雪参加税收调研会议,B2094757D06BA5FA449A
半夜三更的终于忙完了。,B2094757D068A3FF4799
哈哈哈仰天长啸！今天的庭开的真爽！阿哈哈哈！现场观看活人大变脸啊哈哈,B2094757D068A3FF4799
虹口区法院不仅有律师休息室，还挺像样，点赞。,B2094757D068A3FF4799
每次来法院立案比较麻烦的是需要先扫码，但如此一来减轻了立案庭法官的压力，缩短了排队时间。突然间发现虹口区人民法院的微信公众号弄很好。,B2094757D068A3FF4799
我发现每个法院要扣的东西都不一样一中院最严 安检完了身份证还得扣着 出法院的时候才能拿 虹口法院连电脑都不要放出来,B2094757D068A3FF4799
不知道什么时候养成了给法院拍照的坏习惯,B2094757D068A3FF4799
原定2点开庭，结果谈谈的谈到现在调解了,B2094757D068A3FF4799
连续三天不同地方开庭，今天终于结束,B2094757D068A3FF4799
政府单位的服务理念到底什么时候才能得以改善，不到休息时间就已经找不到了人，有了问题一直都是拖欠处理，已无力吐槽……,B2094757D068A3FF4799
虹口法院各项配套设施齐全，点赞！,B2094757D068A3FF4799
上海的法院安排开庭，都会在系统内统一安排，以防律师的开庭时间冲突。据说系统是邹碧华院长建立的[强]所以难得像今天这样一个上午在同一法院处理两个案子，一个顺利拿到调解书，另一个坐等胜诉判决！,B2094757D068A3FF4799
现在是半夜11点 .. 虹口法院新楼扔在工地施工，卡车照样在搬运集装箱 .. 这已经不是第一次了，前几天更是从凌晨1 2点开始作业，严重扰民，直接影响到周边居民的休息。请有关部门严厉禁止，大晚上乌漆嘛黑的，工作效率低，能看得见什么。❌❌❌@上海虹口 @上海虹口法院,B2094757D068A3FF4799
[愛你]草莓天天陪我上班[偷笑],B2094757D068ABF4459A
希望再也不要来这调机器人的项目了，，，，再也不要………,B2094757D068ABF4459A
突然觉得自己还是很年轻哒！蹦跶到早上六点，回家卸妆洗澡，继续回到单位值12个小时的班，有点佩服自己呢！,B2094757D068ABF4459A
转行了,B2094757D068ABF4459A
就要去寻找挑战：【下班分享！你必须要接受挑战。你根本不知道自己有多优秀……,B2094757D068ABF4459A
谁能想到会在18年的最后一个工作日收到这么大一个工作礼包呢,B2094757D068ABF4459A
市局会议从9点开到12点多我竟然经历了一上午什么都没吃导致我中午吃了一海碗白饭上一次吃一海碗白饭应该是10年前,B2094757D068ABF4459A
嘀！不得不承认有些老律师的法律功底真的很好，有理有据很有说服力。,B2094757D069A1FE4893
五一假期前最后三个案子，没想到月底了还能不进诉调，直接转立案。宝山法院和静安法院都有管辖权，但静安法院更快一些，所以就来静安区人民法院立案了。其中有一个案子是同事的，顺带帮忙立，由于被告名字更改多次，从户籍摘抄上不能完全证明，还需要补一份履历表。（同事的案子，没有立上，路费没有赚到，我还是退回给同事）下次立案需要早点过来，要不然快下班吃午饭，立案法官会很不耐烦，而且我一次性立这么多案子就只取了一个号。走的时候，看见立案庭的工作人员在吃泡面🍜，为了生活，我们都不易一会去上海市看守所，这样五一假期之前的工作就忙完了，提前放假休息,B2094757D069A1FE4893
折腾一天。。。。,B2094757D069A1FE4893
18年第一次开庭。,B2094757D069A1FE4893
下午场的立案排队都开始了，我们上午场9点开的庭到现在才结束律师果然是个体力活,B2094757D069A1FE4893
第一次进入法院里面，很激动。。不过似乎走错了法院。。,B2094757D069A1FE4893
今年中秋之后第一案本律师今天赶来静安区法院的这个分部(原静安区的法院旧址)，为某个申请确认监护人之案而出庭代理，全力维护委托人的合法权益,B2094757D069A1FE4893
当年读研的时候，从未觉得法律和我有关系，仅仅是学历的表达方式。然现在，感觉法学专业的同学们可以自信满满、骄傲自豪、充满正能量地过好自己的大学生活。嗯……自带光环的法学生，老阿姨很羡慕你们,B2094757D069A1FE4893
原告撤诉,B2094757D069A1FE4893
果然法院适合晒太阳看报养老……估计待不了几天要想办法溜了,B2094757D069A1FE4893
[失望] 生日来这里 去年坐6个小时公交车 从闵行跑到嘉定 今年早上4点多睡 6点起床来法院[允悲],B2094757D069A1FE4893
打卡～也是难得的人生经历,B2094757D069A1FE4893
此案去年八月接，今天最后一次开庭。时间前后一年有余了。,B2094757D069A1FE4893
人生中第一次独立开庭，做了一周的心理建设以及三个方案，结果今天出现了最简单的一种——被告未送达！所以今天只是做了一个笔录！大庆幸和小失落现在并存。#你好，2018#,B2094757D069A1FE4893
看到油头紧身西装套装男律师有点油腻,B2094757D069A1FE4893
来的时候看到一起交通事故，办好事情回去又看到一起交通事故，图二中一个穿着制度的警察，我也不知道是不是警察，说幸好你撞的不是真警察，要不然你就涉嫌妨碍公务了。快过年了，提醒大家开车需谨慎！,B2094757D069A1FE4893
这种天为什么还要上班啊啊,B2094757D069A1FE4893
上海，静安区人民法院，胜[胜利]已经连续在上海浦东，普陀，静安等多个法院取得好成绩！希望好成绩覆盖整个上海滩！,B2094757D069A1FE4893
第一次来法院,B2094757D069A1FE4893
第一次公务员面试！,B2094757D068A7FD4799
每一个不穿工装的加班日都是争奇斗艳的一天陪考日真棒,B2094757D068A7FD4799
辩护人:犯罪嫌疑人的旅游，跟异性开房，消费等等是自杀前的享乐辩护人:受害人表面上是温柔的小学教师，私下里看悬疑小说，是一个深藏不露的女人辩护人:朱晓东选择的是杀人后藏尸冰柜而不是抛尸，说明主观恶性小……虽然我理解律师在其位谋其政，但是辩护至少应该第一摆事实讲道理，第二不要攻击受害者 ！！！辩护人的说辞真的让我忍无可忍所谓的犯罪嫌疑人认罪悔改就是当天杀害了之后，当晚跟朋友约饭，泡吧，玩游戏，七天之后去韩国旅游，拿着受害人的身份证三个月里跟五六个异性开房，三个月里借贷，信用卡透支消费60多万，留下给你的父母还账，在庭审还要说我父母会给我还钱的，难道你还要你父母承受你被判死刑无儿无女伤痛之后，还要背负着你杀人之后享乐的巨额债务！！你为你父母考虑过吗！！你毁了三个家庭！！不爱也请不要伤害,B2094757D068A7FD4799
上海高院半日游,B2094757D068A7FD4799
明天第一次汇报我一点都不紧张嗯对的因为下面坐着一群🐷嗯没错多大的领导在我眼里都是🐷我就狂吹牛逼就好了嗯对的一定是这样,B2094757D068A7FD4799
咸鱼的梦想之，总有一天我会在这里胜诉的，而且不止一次。,B2094757D068A7FD4799
谁能给我普及一下，上海高院门口这种树，叫啥名？铁树？,B2094757D068A7FD4799
与法结缘，本身就是一件美好的事情,B2094757D068A7FD4799
回来一趟，就只有3小时的时间约个饭。只能怪自己抽签手气太烂。能来高院打打酱油也是很满足的，主考官真的超级超级和蔼。希望广东省考善待我。 ​​​,B2094757D068A7FD4799
天气这么好不如出来打官司呀,B2094757D068A7FD4799
顶风作案老子终于不用戴眼镜了好红红火火恍恍惚惚哈哈哈,B2094757D068A7FD4799
高院开庭，安检好严,B2094757D068A7FD4799
今天收到一封律师函,B2094757D068A7FD4799
学法四年半了第一次来法院,B2094757D068A7FD4799
上海市高院美景,B2094757D068A7FD4799
高院五分钟游,B2094757D068A7FD4799
上海高院，走起,B2094757D068A7FD4799
对面领个判决书,B2094757D068A7FD4799
今天参观上海高院，感触很深张枫导师的人格魅力真的是压倒性的，他完全是我想象中的法律人的样子——头脑清晰，思维敏捷，谈吐从容，逻辑性极强，却毫不自负，和善可亲。高院肃穆庄严的气氛使我清晰地感觉到我的初心还活着，我依旧信仰法律，我仰视他，敬畏他，更愿意终生追随他。这真是开学以来最让我高兴的事情了。,B2094757D068A7FD4799
今天直播很开心，大家小年快乐,B2094654D464A6FC469F
疯狂的冰箱，我又来了这次除了有好吃的还有多位演员分享拍戏的点点滴滴，大家千万不能错过呢,B2094654D464A6FC469F
收工收工,B2094654D464A6FC469F
今晚在京东618剁手节录制现场,B2094654D464A6FC469F
马上就要录了，有点紧脏,B2094654D464A6FC469F
昨天拍了那集好开心，现场感受黄豆豆老师舞蹈艺术！聆听粟奕老师分享生活点滴！其实我对粟奕老师的记忆点就是（老娘舅）里“董佳佳”一角，完美夫妻档！,B2094654D464A6FC469F
工作餐都是这么丰盛[太开心][太开心][抱抱][互粉],B2094654D464A6FC469F
每个月报道一次,B2094654D464A6FC469F
录完蒙面唱将，看到了绝世无敌唱歌超好听调皮可爱的小猫猫！萌的我只会嗷嗷叫啊啊啊啊！宇宙级的快乐了！！！幸福！！,B2094654D464A6FC469F
啊，这光！啊，这水！不好意思，剧本拿错了…啊，这风！啊，这雪！从来没见过雪的南方人第一次看到雪的心情是难以言喻的。可谓是瑞雪兆丰年了。  ​​​​,B2094654D464A6FC469F
超开心参加我是大美人的录制，更开心遇到美好的你们让我们一起做个美好的妈妈 @妈妈网孕育 @_柠檬提,B2094654D464A6FC469F
我是大美人直播中,B2094654D464A6FC469F
今天的最后一场加油！（录影日过去又是一条好汉！）,B2094654D464A6FC469F
"之塑料姐妹花
蒋浩铃🖤康雅馨
…
这画质我真的该换手机了[捂脸]",B2094654D464A6FC469F
工作我是认真的&;&;也是搏命的了,B2094654D464A6FC469F
"之年轻新势力
🖤王艺
…
今天大概在片场碰到200个熟人吧[捂脸]",B2094654D464A6FC469F
再来，少了好多人。第12期挺感动。,B2094654D464A6FC469F
姐今天也上个电视啦！上海新闻娱乐频道，阿拉乓乓响节目，其中一个话题是改革开放四十年装修的变化，愤怒主播万峰老师介绍他当年自己刷个墙，铺个地板就算装修了，我作为装修行业的编辑，给大家推荐了现如今的两种新材料，一个是环保又方便的热融墙布，一个是调光雾化玻璃，4月份播出！,B2094654D464A6FC469F
2017收工,B2094654D464A6FC469F
信了导演的鬼话！！！&;&;一会来找我！！！ 没有的&;&;下次一定紧紧赖着！！！,B2094654D464A6FC469F
为什么还在上班,B2094654D464A6FC469F
疯狂的冰箱录制完成,B2094654D464A6FC469F
昨日一天四场，也是够拼了。,B2094654D464A6FC469F
《我是大美人》节目录制现场。,B2094654D464A6FC469F
上海电视六十年东方有线二十年在改革开放四十年的特别日子我们的特别节目 准备 开录📹,B2094654D464A6FC469F
老公司的门禁又高级了,B2094654D464A6FC469F
芒果台我是大美人*黄金班第二弹@我是大美人 昨晚全宇宙美妆品和保养品的大咖们来了好多，图9⃣️就是九亿少女的梦啊,B2094654D464A6FC469F
又是一期录制结束 幕后故事第一弹哈哈，史上最成功 你们觉得像吗？,B2094654D464A6FC469F
第一次录节目，表现不错,B2094654D464A6FC469F
湘姐主持就是不一般,B2094654D464A6FC469F
三天3⃣️8⃣️小时⏰ 2⃣️0⃣️组家庭👪 主持人钱懿钱宝宝带病上阵💪 每一组家庭都很 感谢,B2094654D464A6FC469F
贴心保姆现在收工，虽然累，站到脚断，但是和认真团队一起工作，内心是快乐和充实的！,B2094654D464A6FC469F
公司活动，我自己学做的月饼,B2094752D364AAF9479F
假期没人的公司很适合大声唱歌了,B2094750D26BA3F44593
本来熬夜都怕做不完 结果吃好中饭到现在一直在打酱油 人真的是太能被压榨了,B2094750D26BA3F44593
毕竟集团，逼格真高,B2094757D064A3F8429D
可是不温暖；依然忙碌；可很寂寞……一个人的生活；可是很短暂：有不一样的想法、依然有方向；一个人的工作、一个人的黄昏：一个人的阳光。,B2094757D064A3F8429D
攻坚克难！再创辉煌！领导快快来涨工资吧：2018新的一年，新的恩典与祝福！,B2094757D064A3F8429D
\000\000·了解客户的需求。\000\000·对客户做出的承诺……\000\000·把客户认为不可能做到的事；做到最好让客户看！6。,B2094757D064A3F8429D
年底会议特别多建工走一个,B2094757D064A3F8429D
新级也有两种前脸：不过它总体上看仍然很稳重；大面积进气格栅造型比较凶狠。流露出几分高调作风，分出独立的工作区域，但是家里没有独立书房。眼前这辆装有大标中网和动感包围的运动型应该是更受青睐的款式：都市白领经常在家加班。【测试2015款260运动型】和老款一样[扑倒],B2094757D064A3F8429D
周五到啦！管理层的不安是否预视着什么。。不过开心最重要，明天又萌睡个懒觉哦豁,B2094753D76EA4F84098
一眨眼又周四了，明天又周五了，好快,B2094753D76EA4F84098
昨天怎么跑怎么有问题，今天怎么跑怎么没问题——作为一个测试猿的无奈……,B2094753D76EA4F84098
做企业不容易哦,B2094753D76EA4F84098
新的实验项目,B2094753D76EA4F84098
有点累,B2094753D76EA4F84098
周五下午的蓝天，埋头苦干的同事和轻松写意的我！,B2094753D76EA4F84098
开完会好饿[哈哈],B2094655D26DAAF4489E
那个人的影子忽隐胡现、好讨厌这样的感觉，我不敢迟到了迟到一次100块我的票子啊,B2094450D56FA1FB4798
迷你三辑主打曲《》预告影像释出；此外专辑将于9日正式发表,B2094450D56FA1FB4798
昨天这个时候还在南京赶往下一个景点 现在就已经上完今天的班开始一下午和晚上的自由支配时间,B2094450D56FA1FB4798
6点钟起床，洗漱，弄宝宝，带他去医院体检，喂奶都是在车里进行的。体检没结束，把宝宝丢给馒头和老妈，我就奔向了同济的发布会，又赶到总工会的活动，静等大出现，到现在会议还不结束下午1:10，我还有个发布会。。。不要说没时间吸奶，饭都没空吃,B2094450D56FA1FB4798
一个媒体人的晚班。,B2094450D56FA1FB4798
春季新菜#上海·申活馆(报业集团店)[地点]#,B2094450D56FA1FB4798
道正声远，上海报业的企业精神@上海报业集团 @申活馆,B2094450D56FA1FB4798
午饭时间到！报社食堂，这顿3荤3素，不多不少33块3。,B2094450D56FA1FB4798
滴滴 实习卡,B2094450D56FA1FB4798
超贴心的培训讲座。如果每次都能有这样的茶歇，出差都是乐意的。,B2094450D56FA1FB4798
两张传统纸媒的态度,B2094450D56FA1FB4798
开始朝九晚五的生活,B2094450D56FA1FB4798
"今日，蹭饭
少了张图怎么办！",B2094450D56FA1FB4798
新家庭公益讲座以心理咨询师芳竹领衔开场，用颂钵引导听众进入静定的状态。,B2094450D56FA1FB4798
"解放日报的工作环境真好啊！
做新闻真的好辛苦哦，半夜上班。
人生呐，都不容易啊",B2094450D56FA1FB4798
很棒的活动 感谢@东方体育日报 感谢@于海 海哥～,B2094450D56FA1FB4798
电视台后期部门的工作真的是压抑啊……对着电脑一坐坐一天。安静的可怕没人说话。溜了。,B2094654D56CA3FB4298
本人在来伊份独跟的项目，&;&;超级伊仔&;&;暑假期跟大家见面[可爱],B2094757D06BA5F44092
今天我们部门请营运部门各个头头吃饭！一年了所有的成绩离不开大家的协助支持！2018 继续加油！,B2094654D565A4FA4998
”，都强迫他们跟公司签约了……以后就是第三方公司外派到西天工作的；“他们日子也不好过；罗汉说……西天为了规避新《劳动法》[禁],B2094654D565A4FA4998
喵的～窗外暴雨，我的衣服正在受难，心痛，无心工作,B2094757D068A7F5469C
制药厂附近有一种奇怪的香味，混合了桂花香，想用瓶子装起来。,B2094654DA6AA0FD499A
新的环境面对诸多不同的人，领导，员工，实习生，处于不同的位置，行着不同的事，怀着不同的态度。面对多人保持谦虚谨慎的态度，面对自己保持坚强乐观的态度。努力才会让一切都好起来！（哈哈，法院里这样的一杯咖啡居然只要三块钱）,B2094655D268ABFD469A
多一点付出、不焦虑，:.....快乐的五条法则；不憎恨、少一点期待、简单地生活,B2094655D268ABFD469A
趁着下大雪的天气；完全找不到时间的代码在哪啊~！一堆乱码~研究一天、用3000分钟做的1314个雪人送给心仪的女生[],B2094655D268ABFD469A
"’.-----那些杀不死我的东西……（,感谢那些带给我们磨难的人和事！张台长反唇相讥：人事局李局长下班路上碰到了电视台张台长，你（下台）了；你不办人事了！只会让我变更强……",B2094655D268ABFD469A
[二哈]董小姐这广告做的很新颖啊[二哈],B2094655D268ABFD469A
昨天还是天旋地转今天投入工作还是精神十足。喜欢律师这个职业，不仅仅是挣钱，还因为每天都充满新的挑战新的一年还是朝着创收50万前进,B2094655D268ABFD469A
早知道过海关没查，免税的烟我肯定带个十条八条的！,B2094757D06AA4F8479E
受邀参与（央视英文频道）中国首届国际进口博览会特别节目录制，就要开始了，总共有两场，有非洲、欧洲，美国的朋友一起参与@中国国际进口博览会,B2094757D06AA4F8479E
排队是煎熬真真的,B2094757D06AA4F8479E
下班路 🈳&;以及人在哪里哪里下雪的魔咒,B2094757D06AA4F8479E
赶早,B2094757D06AA4F8479E
真·摸鱼,B2094654DA6CA4FA489B
准点下班！走路带风！冲呀！ε=┌(;￣◇￣)┘,B2094654DA6CA4FA489B
今天工作の日是喝了✌🏻大杯泡腾片了但現在人坐着是越來越冷🐽等待下班的美好时光咯&;&;​​​,B2094757D169AAFD429A
呆在空調间里实在是好犯困噢等待下班眼睛酸的实在看不动就能用耳朵來听歌算了生活9最好的老師[米奇喜歡]听說是上天泄的天机，简直碉堡厉害了哈哈🤓,B2094757D169AAFD429A
🤟🏻&;⑥⑧你知道我对你不仅仅是喜欢☺️下🈷的生日是今天提前收获到心愛🎁一想到吃🎂的时刻而我現在流着拉丝口水了都    😇下班了雖然下着雨下班咯,B2094757D169AAFD429A
🎊單位里發③件套了哈今天收获多多分享喜悦&;🐽下班咯🎉,B2094757D169AAFD429A
凌晨四点钟的上海,B2094654DB65A5FD499C
公司食堂真的不错啊 ，牛肉+鸡翅两素银耳汤酸奶水果只要7块钱，还报销。旁边还有身高体重器  称了称 发现从生活规律之后 这个月胖了7斤..,B2094654DB65A5FD499C
黑湖科技荣获本场人气奖,B2094654DA6DA0F9439D
本周的办公用花&;&;一枝&;&;足矣,B2094654DA6DA0F9439D
🍃本周的办公用花 风铃草依旧,B2094654DA6DA0F9439D
感谢同事带的早饭胡辣汤油条简直西安，一早好心情,B2094654DA6DA0F9439D
还有十天录影，开启夜跑模式,B2094654DA6DA0F9439D
遇见上影集团上海美术电影制片厂的艺人——出门跑通告的阿凡提的小毛驴,B2094654DA6DA0F9439D
夜赏本周办公用花 查了查叫“虾衣花” 读起来很像上海话里的“惬意”,B2094654DA6DA0F9439D
本周的办公用花 玫瑰总是易凋谢 这才星期二啊,B2094654DA6DA0F9439D
刚刚 由上影集团出品 贾樟柯执导 赵涛 廖凡主演的最新影片《江湖儿女》 入围第71届戛纳国际电影节主竞赛单元,B2094654DA6DA0F9439D
在上影的老洋房里开启今天的学习之旅……北京小伙伴（昨天的白导）5点半排队买来了上海滩 1葱油饼。感动[流泪]的吃完上影汪总讲课走心了！祝《爱情公寓》大卖,B2094654DA6DA0F9439D
今天，-8在我的桌上原力觉醒。💫,B2094654DA6DA0F9439D
曾经有一个演员梦,B2094654DA6DA0F9439D
身边被电影大咖围绕🎬,B2094654DA6DA0F9439D
今天日程,B2094654DA6DA0F9439D
谢晋导演，我们的榜样,B2094654DA6DA0F9439D
本周的办公用花 小玫瑰 天生的丝绒感 看着挺服气的,B2094654DA6DA0F9439D
楼下的大橘子,B2094654DA6DA0F9439D
资本与影视行业领袖“沪上论剑”干货满满 收获颇丰[强]祝贺大师哥 于东董事长荣获“中国电影领袖人物”,B2094654DA6DA0F9439D
这样的状态 也是一种美,B2094654DA6DA0F9439D
公司周边全被封了！保安也就位了！晚点下班估计还能看到红毯仪式！脑袋快炸了！回家！,B2094654DA6DA0F9439D
生命好顽强哦 居然从这么重的花盆的底下 长了出来,B2094654DA6DA0F9439D
想当初，上海电影制片厂 ， 也是意气风发,B2094654DA6DA0F9439D
每一个窗口都是一张银幕,B2094654DA6DA0F9439D
听说我偶像家就住这栋大楼里，特地骑小黄车跑来看看，没想到人家大门都没开，嗯哼，下午再来一次吧。@洛天依_官博,B2094654DA6DA0F9439D
本周的办公用花 听说是桔梗,B2094654DA6DA0F9439D
听了一下午上影董事长 任仲伦先生对电影事业和对情怀的见解，涨了好多历史知识，拍好一部电影不仅是做了一个美好的梦，更是圆了许多人的梦办公室里宝贝太多[]最多的是书～明星签名照都没地儿摆了放在地上，不由得感慨一个人良好的修养和文化内涵才是真正魅力所在！ ​​​,B2094654DA6DA0F9439D
楼下橘子处签到。周末愉快,B2094654DA6DA0F9439D
本周办公用花与上周办公用花在一起,B2094654DA6DA0F9439D
国人心中，自己的梦工厂,B2094654DA6DA0F9439D
你跟着读了一会；你干什么工作都行，有的看小人书。满头白发的老先生坐在讲堂上……操场上隐约传来传球声、一觉醒来[运气中],B2094654DA6DA0F9439D
下班打卡,B2094654DA6DA0F9439D
拍摄道具~,B2094654DA6DA0F9439D
准备与@上海美术电影制片厂 的这位同事打一打乒乓,B2094654DA6DA0F9439D
太阳太大太好了好到不想下班,B2094654DA6DA0F9439D
码的来一件 @上海美术电影制片厂,B2094654DA6DA0F9439D
今天 2018.10.18 谢晋导演离开我们整整十年了,B2094654DA6DA0F9439D
本周的办公用花 是风铃草,B2094654DA6DA0F9439D
本周的办公用花 美腻的 小菊发,B2094654DA6DA0F9439D
2018上半年重大任務圓滿完成🎉感恩上天能讓自己做喜歡的事情🙏後半年繼續努力奮鬥完成更多作品💪期待最好的安排給予最好的自己[心][],B2094654DA6DA0F9439D
巴依老爷的那罐手霜为啥是粉色的 粉红色的回忆吗？上影集团上海美术电影制片厂出品 《阿凡提之奇缘历险》10月1日起 全国公映,B2094654DA6DA0F9439D
寒露时节的本周办公用花,B2094654DA6DA0F9439D
微软加速器 宣布和普华永道达成进一步的合作，下一期将在零售，人工智能等领域给予支持。,B2094654DA6DA0F9439D
🧼来参加工会组织的“创皂幸福”&;&;比赛&;&;看这桌面 就像是又回到了高中时代理科化学生路过,B2094654DA6DA0F9439D
希望这是2018年最后一场会😄😄😄,B2094654DA6DA0F9439D
本周的办公用花,B2094654DA6DA0F9439D
上海电影博物馆还是蛮好玩的,B2094654DA6DA0F9439D
2018最后一天。瑞雪兆丰年…… ｜#莳禾影业（上海）有限公司# ｜  ​​​​,B2094654DA6DA0F9439D
视+自主研发的编辑器可以让客户自主拥有平台,B2094654DA6DA0F9439D
今天 2018.12.28 电影 123岁了,B2094654DA6DA0F9439D
传说中的《狂暴巨兽》中国首映礼，图一是女主，图二就是那什么强生 男主好了我也是看过歪果仁大腕的人了。。,B2094654DA6DA0F9439D
会开到一半 发现葫芦兄弟少来了一位 一开始以为是六娃在隐身 再一看 是黄娃缺席现在问题来了 请问黄娃为啥缺席@上海美术电影制片厂,B2094654DA6DA0F9439D
本周的办公用花 红红火火,B2094654DA6DA0F9439D
上周水养的办公用花&;&;两个花骨朵居然绽放了 生命的顽强,B2094654DA6DA0F9439D
本周的办公用花 看了半天 觉得好饿这肥牛的花纹 是不是旁边该来个火锅配合,B2094654DA6DA0F9439D
2018 生态商业国际巅峰盛典，圆满举行,B2094654DA6DA0F9439D
露天放映 谢晋导演作品 电影《大李小李和老李》沪语版,B2094654DA6DA0F9439D
粉色的本周办公用花,B2094654DA6DA0F9439D
签个到,B2094654DA6DA0F9439D
下班 在公司大堂站定回复微信时 感到小腿被绕桩了一下 倒也是不害怕 低头看看 果然是一只猫咪 唤它喵 继续回微信 又被绕桩了几圈喵挺壮挺健康的 通过绕桩 把气味蹭到我腿上 抬眼欣赏了一下我这个会熟练手机打字的战利品 走了,B2094654DA6DA0F9439D
感谢盛大爸爸的邀请❤️很荣幸参加永恒之塔活动,B2094654DA6DA0F9439D
俺老沈也是一个有上影集团@上海美术电影制片厂 老孙笔记本的人啦孩儿们 操练起来,B2094654DA6DA0F9439D
有些电影是生活的缩影，真实且露骨。,B2094654DA6DA0F9439D
今天来到上影收获很多 🎬,B2094654DA6DA0F9439D
本周的办公用花 大概是小雏菊,B2094654DA6DA0F9439D
第四朵第五朵马蹄莲正在排队中 同事说别是种了葫芦兄弟吧 一根藤上七朵花请叫我 爷爷😂😂😂,B2094654DA6DA0F9439D
三分钟介绍上海电影发展史[酷]三面屏幕观影，超级赞,B2094654DA6DA0F9439D
为庆贺上影集团@上海美术电影制片厂 出品《阿凡提之奇缘历险》票房即将冲破7000万 亲自阿凡提的小毛&;&;自拍留念以记之,B2094654DA6DA0F9439D
今天跟两年前发布会同一个棚[失望]鹿老师我想你了…,B2094654DA6DA0F9439D
等待着 等待着 适合放映露天电影的光线,B2094654DA6DA0F9439D
一大早上班就看到楼下在铺红地毯，原来是今天巨石强森要来,B2094654DA6DA0F9439D
各行各业的辛苦,B2094654DA6DA0F9439D
本周的办公用花 杆子叶子像极了粗壮版的蓬蒿菜,B2094654DA6DA0F9439D
早来的米尔有菜配上影食堂大锅饭早点来还是有的次哒,B2094654DA6DA0F9439D
来上影广场玩的兄妹俩 同款单车与辅助轮了解一下,B2094654DA6DA0F9439D
本周的办公用花 有一朵异类,B2094654DA6DA0F9439D
来拜访总部。,B2094655D26CABFC409F
看到队员们从车上下来到场馆里（大概隔20米吧 我们的小黄毛也是很明显了！,B2094654D464A3F8459D
四天展会结束啦。。。,B2094654D464A3F8459D
没想到又多干一年呀！,B2094654D56FA6FE419E
早上五点起床,B2094654D56FA6FE419E
今天竞彩要求穿职业装😁，晚上换晚礼服继续英超⚽️，开个玩笑,B2094757D06BA3FC4699
录制中……乱入了一只暖场小同志,B2094757D06BA3FC4699
电视台度过一天,B2094757D06BA3FC4699
时隔一年和我莎一起搬砖…就…食堂早饭了,B2094757D06BA3FC4699
当时郭富城离我只有一个手臂的距离，我一把拿到了他递过来的红包，虽然本人平生收过很多红包，但这一个我认为是最幸福的！[色],B2094757D06BA3FC4699
中国经营者✖️头脑风暴年终特别节目，现场是走开一会儿都可惜的精彩，看到嘉宾们谈笑风生，心里比他们更雀跃，解锁新技能，不会暖场的主持人不是好导演吧～从传播前沿到幕后人员，什么能说，什么能播，首先要感谢你们说得精彩，才能让我们考虑播得出来，表白我发着烧仍状态满满的超人露女神❤️海海征途，渐寻佳境。,B2094757D06BA3FC4699
作为归去来开播盛典台下的吃瓜群众，很负责任的说在节目录制期间唐嫣罗晋几乎是没互动好的，主持人要求现场重现吻戏也是很坚决的摇头，当时觉得他俩不会分了吧！但是节目录制间隙，两个人就立马从故作严肃互相冷淡变成了另外一种很轻松的样子，唐嫣听到好笑的事情还会一直去和罗晋分享这种，有一种娇嗔的感觉，感觉两个人是真的不想炒但还是有发一些暗糖的！,B2094757D06BA3FC4699
上班日常……肚子饿,B2094757D06BA3FC4699
今晚七点我去第一财经谈股论金。,B2094757D06BA3FC4699
在上海第一财经：即将开播谈股论金。红色周一看后市如何研判@微博股票,B2094757D06BA3FC4699
剪辑师应该再写上 禁止导演入内,B2094757D06BA3FC4699
上周末录一站到底，这周末像欠债一样补班，两天白天竞彩，晚上英超。闭关了一周写作，因为月底要交书稿了，写书比写论文难多了😱,B2094757D06BA3FC4699
每年开会...都要经历镁光灯洗礼....,B2094757D06BA3FC4699
现在就靠着咖啡☕️和这些花美男孩孩续命了控机不住偶寄几，两只眼睛都是爱心的形状……哦……今夜不让你入岁,B2094757D06BA3FC4699
普天同庆的日子，@小米公司 为参会员工准备了一份《上市典礼员工指引》(图8)，“但凡有媒体用随便聊天的方式问问题，请保持冷静，不直接回答任何问题”。 ？！但一个不小心在港交所门口变成了“游泳健身了解一下”的发传单。…现在的记者真心不好做，氮素，这么打印出来人手一份是认真的吗？！$小米集团－ｗ 01810$ 上市首日毫无悬念地破发，收盘下跌1.18%。&#627;小米港股上市,B2094757D06BA3FC4699
老板，关灯,B2094757D06BA3FC4699
电视台里吃个饭。米道哈灵！,B2094757D06BA3FC4699
下班啦，周末赶场子约约约,B2094757D06BA3FC4699
打个卡，昨天说中了两场比赛，伯恩利曼联小比分进球，伯恩利有场比赛2:2赢了曼联，还是一支防守不错的球队。曼城纽卡，进球大于等于3，不要拿曼城输给利物浦做对比，在逻辑上属于偷换概念。如今的纽卡和利物浦不可同日而语，阿兰希勒之辈可望而不可求，即使是上轮面对红军，蓝月亮也进了3个球，所以进球数大于等于3。✌️晚上继续南岸热刺～别看南岸卖了范迪克大赚了一笔，中国老板正发愁呢，因为它就是不进球啊。有数据显示，南安普顿最大的问题不在于创造机会，圣徒创造出的机会数量（218）仅次于“传统六强”，但进球数只有23球，热刺这边哈里凯恩，孙兴慜状态很好（虽然从民族情结上不是很喜欢某球员），凯恩的进球数有望超过英超历史射手榜的希勒。今天凌晨利物浦斯旺西，斯旺西现在垫底了，不希望唯一的一支威尔士球队降级，而且斯旺西的英文叫作，天鹅海，多浪漫，我喜欢。就看红军如何劫富济贫了～@超竞彩 @体彩超级大乐透,B2094757D06BA3FC4699
开始做第一财经节目的制片和编导了瑟瑟发抖,B2094757D06BA3FC4699
又去電視台吃煎餅果子了[捂脸]還有令人失望的牛油果牛奶已沒有當年的美味，一個牛油果做3杯牛油果牛奶，太扣了,B2094757D06BA3FC4699
柳岩作词大鹏谱曲的《绝口不提》远赴泰国拍摄：情欲纠缠虐恋互伤。一个是赌生赌死的黑市泰拳男：把自己逼到绝境、你才能成长：他们都是不能够决定自己命运的人！,B2094757D06BA3FC4699
上海电视节~🙏🙏🙏（ ）,B2094757D06BA3FC4699
感谢西瓜姐姐带莎莉哇和我参观电视台,B2094757D06BA3FC4699
@深圳万科 今早十点半召开记者会，主席郁亮与新任总裁祝九胜亮相。郁亮说，选择祝九胜是他与薪酬委员会慎重考虑后的决定，相信其为理想人选，希望大家给更多时间和宽容。日后他将继续发挥主席作用，并再次强调他92年加入万科，从未离开过。$万科ａ 000002$ 午盘收跌1%，港股$万科企业 02202$ 则涨3.4%,B2094757D06BA3FC4699
公司附近的樱花树，陆陆续续的绽放与小伙伴午后漫步樱花路，不禁感叹生命的美好。,B2094757D06BA3FC4699
装个逼喽实习第一餐,B2094757D06BA3FC4699
等客户～,B2094757D06BA3FC4699
幸福来的太突然 收工[噢耶],B2094757D06BA3FC4699
纪念一下2018年最后两天的午间体育新闻️开开心心过元旦啦,B2094757D06BA3FC4699
想…放假！累,B2094757D06BA3FC4699
这是一个把魔法妈咪逼疯了的节目！！！魔法家族的早晨，状况百出的直播！从 -换衣服-洗漱-打扫-做早饭-吃早饭-突发创作-整理好俩娃-最后慌乱出门！不能超过7分钟！！！魔法家族是否能通过挑战？今晚20:00上海【新娱乐 】频道《爸爸妈妈向前冲》为魔法妈咪加油！,B2094757D06BA3FC4699
每天不上班也很无聊啊，比方说我现在吃了早饭坐着路边发呆不知道等会儿要干嘛,B2094757D06BA3FC4699
哈哈哈哈，一只站在电视台思索远方的喵,B2094757D06BA3FC4699
又来记实频道沟通核电制造记录片拍摄,B2094757D06BA3FC4699
很荣幸能够抓拍到如此大的一片雪花……,B2094757D06BA3FC4699
转发我的同事，曾被五所美国大学（其中藤校三所）以全额奖学金录取的哈佛美女考官刚才的：总之，生活在美国东北12年的我从来没见过纽约大雪当天如此干净和安全。上海的城市综合管理素质和水平国际领先。[],B2094757D06BA3FC4699
滴，开工打卡,B2094757D06BA3FC4699
等开会走个神儿,B2094757D06BA3FC4699
美好生活发布会现场张嘉译,B2094757D06BA3FC4699
对于传说中的广电食堂，我还是相当满意的,B2094757D06BA3FC4699
录节目的一天&;&;餐厅的水煮鱼真的是不好吃再过几天就可以回家吃最新鲜最好吃的海鲜了,B2094757D06BA3FC4699
明天会有很多明星来这里跨年哦~,B2094757D06BA3FC4699
我的芭蕾娃娃演出顺利结束‍♀️,B2094757D06BA3FC4699
因为最漫长的坚持！~！才是爱情的目标。才能带给你最永久的幸福：淡淡忧郁的眼神。,B2094757D06BA3FC4699
食堂里吃碗麻辣烫感觉重回夏天,B2094757D06BA3FC4699
改片改到崩溃，一天滴水未进，饿到说话的力气都没有，此刻觉得食堂的麻辣烫比9牛排美味。,B2094757D06BA3FC4699
今晚七点谈股论金的上海第一财经直播节目，马上电视上见,B2094757D06BA3FC4699
炸裂为了不要在新年第一天就加班到凌晨我还是明天来做吧 元旦的重返春节的重逢 两个系列都是灾难,B2094757D06BA3FC4699
下午头脑风暴，台上嘉宾们纸上谈兵口若悬河的讲着某些独角兽发展，台下旁边妹纸突然说：“当嘉宾就是好，像我们普通人啊，怎么能体验到指点江山的快感？”刚好在规划下一站路线的俺，给她建议道：“美女，买张中国地图呗，回家指个够…”,B2094757D06BA3FC4699
通宵成了日常：1.办公室的休息室咖啡和沙发还不错2.你是一只成熟的手了，该学会自己画图审图写调报……了，我躺一会儿  ​,B2094757D06BA3FC4699
大早开工 今天会有点累,B2094757D06BA3FC4699
欢迎关注今晚八点第一财经&;公司与行业&;,B2094757D06BA3FC4699
斗牛军团加油，西班牙还需要主帅嘛😁@西班牙球迷俱乐部 @超竞彩,B2094757D06BA3FC4699
下午冠军球队上港将在上海电视台录制五星足球，球队抵达上海电视台,B2094757D06BA3FC4699
终于录完了&;&;早上9点到下午5点&;站了一天啊啊好累,B2094757D06BA3FC4699
女儿国特别节目录制现场，可惜没看到冯绍峰,B2094757D06BA3FC4699
早起写作业，读英语，练古筝，和爸爸抱怨爸爸说:只要班里不是最后一名就行，下午送你们去迪士尼玩...有这么不靠谱的爹妈，不知道到底好不好了🙈顺路来爸爸单位食堂吃个饭头一回正好看到柏阿姨坐我旁边吃饭爸爸问不要去拍个照么我们只想和海盗拍照好么,B2094757D06BA3FC4699
坐在这里等开会，感觉见到了全世界的熟人,B2094757D06BA3FC4699
越努力，越幸运,B2094757D06BA3FC4699
标题用哪个标点符号好呢？支招,B2094757D06BA3FC4699
我发表了头条文章:《想你》 &#0;想你&;&;,B2094757D06BA3FC4699
录制现场,B2094757D06BA3FC4699
工作日常拜访,B2094757D06BA3FC4699
滴，下班卡,B2094757D06BA3FC4699
上海上港 上海电视台录制特别节目,B2094757D06BA3FC4699
于导的家属餐,B2094757D06BA3FC4699
身体稍微好点，就出来工作了好久没和我们楚楚姐姐见面啦好开心,B2094757D06BA3FC4699
天亮了，下班了回去并不会睡着,B2094757D06BA3FC4699
海风教育创始人兼郑文丞受邀参加第一财经《创投风云》节目录制，感恩节，感恩的心老板棒棒哒,B2094757D06BA3FC4699
上海舞林盛典邀请了世界街舞冠军表演,B2094757D06BA3FC4699
空空如也的办公室，今天终于是第一个到😂😂  .,B2094757D06BA3FC4699
三个月实习结束惹(•͈˽•͈)阿撒阿撒,B2094757D06BA3FC4699
昨天下班有点晚，今天上班有点早～,B2094757D06BA3FC4699
世界杯年忙碌的状态，接下来又要出国啦⚽️,B2094757D06BA3FC4699
第一次觉得古典爵士这么好听 迷妹,B2094757D06BA3FC4699
即将开始,B2094757D06BA3FC4699
元气满满上班啊～,B2094757D06BA3FC4699
被甲方蹂躏了三天的我终于可以休息一会了。传媒狗真心不是人干的工作，天真的以为找齐了人马，不用干活，当一个掌柜的很幸福！然而面对甲方的各种要求，我却没有了以前的脾气。不是收敛了，而是要为这些跟着你吃饭的人负责。感谢老单位的兄弟们前来救场……还有珺丫头。虽然吃瘪了，但是有你们在我真的很踏实！吃上了今天第一口饭，心里有点酸,B2094757D06BA3FC4699
拍摄 花絮,B2094757D06BA3FC4699
🐔年最后一期@五星足球 ，先给各位拜年！,B2094757D06BA3FC4699
第一次来头脑风暴节目录制现场哈哈哈,B2094757D06BA3FC4699
赶时间早饭也只能吃个半饱吧,B2094757D06BA3FC4699
今天会陪大家一下午哦。2:30-6:30，与安信证券非银金融行业高级分析师贺明之@飞扬的雪_ 解读@中国平安 2017全年业绩，与国泰君安高级市场分析师蒋亦凡剖析 @腾讯公司 。&;&;$中国平安 601318$ $腾讯控股 00700$,B2094757D06BA3FC4699
今天在国际博览会咨询点事，一开始对方没听到我说啥，就问我“你是中国人吗”，我还没来得及回，女的继续问“  ”，男的问“   ”我要好好学英语，不然对不起这张国际脸,B2094757D06BA3FC4699
哇今晚录制的少儿春晚盛典📹让我大开眼界……,B2094757D06BA3FC4699
不管了 资料明天上班继续查,B2094757D06BA3FC4699
今天 碰到了高山峰 人高皮肤白天天和浩哥上下班,B2094757D06BA3FC4699
来台里找闺蜜蹭了一杯员工免费咖啡,B2094757D06BA3FC4699
审片的夜～,B2094757D06BA3FC4699
结束了～,B2094757D06BA3FC4699
未来一个月 不对 是从这周日开始 一直到八月 都要出差住酒店不说了我想静静为静静感到难过,B2094757D06BA3FC4699
行味颁奖典礼官方返图哦❤️,B2094757D06BA3FC4699
今晚21:00锁定@东方卫视新舞林大会 @演员乔杉 @-小白 小乔组合神秘首秀 惊喜亮相 炸裂全场！,B2094757D06BA3FC4699
工作：想吃电台巷火锅了,B2094757D06BA3FC4699
我觉的我心目中的陈辰@陈辰的寻人启事 是要进入央视春晚的，她应该很快了。春晚期待她能够早日到来。🏃🏃 ♀️,B2094757D06BA3FC4699
谈股论金：马上开播。午评两个科技股下午涨停板,B2094757D06BA3FC4699
东方少儿艺术节年度盛典节目我知道,B2094757D06BA3FC4699
食堂早餐打卡,B2094757D06BA3FC4699
上班啦,B2094757D06BA3FC4699
《西游记女儿国》发布会 最后一站&;&;上海&;&;潘斌龙 梁咏琪&;&;罗仲谦，郭富城等,B2094757D06BA3FC4699
【2018世界人工智能大会】中英文配音为大会主会场服务，重操大学旧业，泡在配音间放飞自我,B2094757D06BA3FC4699
电视台领盒饭了，偶遇老艺术家牛犇,B2094757D06BA3FC4699
回答了一下午“她是我同事”…,B2094757D06BA3FC4699
今天是穿红色的姐姐呀🙈这是我第一次看到有个明星录完节目站在台上让观众排队上台合影/也是我第一次看到导演亲自拿着手机帮观众扫描二维码加公众号/所以一个节目走过十年 不止是节目/创新/情怀/ 更是这些幕后看不到却从来没有被忽略的细节 每个节目都不容易 每份工作也是，但如果带着一份执念和热爱 所有的付出都会有收获@神仙姐姐本尊 @36度7明星听诊会,B2094757D06BA3FC4699
今晚七点上海第一财经谈股论金，欢迎收看。,B2094757D06BA3FC4699
上海市志愿服务先进颁奖典礼,B2094757D06BA3FC4699
&#627;今日股市超话 晚七点即将开播第一财经,B2094757D06BA3FC4699
食堂比浙广贵多了啊……&;&;​​​,B2094757D06BA3FC4699
2018秋季新闻发布会,B2094757D06BA3FC4699
虽然不是第一次在电视上唱歌但是，是真的第一次来电视台站了一天我真的好累哦,B2094757D06BA3FC4699
上海春晚录制彩排到现在,B2094757D06BA3FC4699
耀烁文化传播有限公司董事长梅廷勇与上海交通大学安泰经济管理学院党委书记余明阳,B2094757D06BA3FC4699
上海电视台百姓戏台节目录制,B2094757D06BA3FC4699
大冬天六点半起床伤不起雾霾天拍外景更伤不起化身小恶魔👿抱怨一下下继续工作啦&;&;​​​&;&;​​​,B2094757D06BA3FC4699
云雾缭绕&;&;大楼被吞噬&;&;真·魔都&;&;下班,B2094757D06BA3FC4699
今天有幸到上海电视台参观让人兴奋的是能在电视里的宣传片上看到你瞬间觉得超级开心便强吻了你@胡歌,B2094757D06BA3FC4699
拿了个奖,B2094757D06BA3FC4699
今晚21:05分 ，东方卫视本来旺《新舞林大会》与你不见不散！@东方卫视新舞林大会 @言承旭 @董洁 @秦岚 @汪东城 @吴莫愁- @侯明昊 @演员乔杉 @盛一伦 ​​​@张靓颖&;&;@楊丞琳&;&;@吴昕 @许魏洲 @刘维- @任嘉伦 @_董大力 @毛晓彤 ​​​&;&;​​​,B2094757D06BA3FC4699
编前会讨论贵州双杰谁更有价值，大家说呢？还是谁更有价值！,B2094757D06BA3FC4699
电视台旁的樱花 最近每天都经过 好看,B2094757D06BA3FC4699
上海发布会完美收官   2月28日起每晚19:30，东方卫视、北京卫视，敬请期待，也 ㊗️ 愿该剧收视长虹。,B2094757D06BA3FC4699
除了工作我还有画画,B2094757D06BA3FC4699
丹丹宝宝和我在一起工作啦,B2094757D06BA3FC4699
食堂的晚餐显然没有熊的丰盛。杀跌的品种还是上半年有涨幅的个股。今晚七点我在第一财经谈股论金。,B2094757D06BA3FC4699
看到卖身契、违约金的时候，我笑了……终究败给了现实,B2094757D06BA3FC4699
假期无限好，只是有点少。,B2094757D06BA3FC4699
新任务 先码着 记录成长,B2094757D06BA3FC4699
工作……工作……两不误,B2094757D06BA3FC4699
直播 侬好 冠军,B2094757D06BA3FC4699
嗯，好久没更新了，趁加班冒个泡,B2094757D06BA3FC4699
【直播预告】老仙女上得了台，也下得了地。前往江苏靖江，实拍区块链养鸡。这个直播还能到几个知识点，原来母鸡🐔是不需要交配就可以下🥚的！鸡栏里面养两只鹅可以起到报警作用！！@步步鸡 @众安在线保险,B2094757D06BA3FC4699
《歌声与微笑》&;1989以前我 做的一家银行网点 有个理财经理同事 叫管老师&;&;经常和几个同事 跟我开玩笑说 看到我微信 发的内容 及下面 落款地址 说我都是在做梦&;&;做“中国梦”&;当时我 被他说的也没办法&;&;可是 现在我 却又一次&;&;自信的可以反驳 那将不会是 梦为什么呢&;&;你想想看&;&;是一个很通俗的原因因为 我已经不在你 或你们身边了&;&;的确 发现&;接轨的下面一个地方是&;&;更上一个层次 更高一份台阶&;&;更符合自己的 专业特点 及下一步的设想&;&;等等通过我 自己的运作&;&;这都是“天” 有意 给我接轨的你看 恰恰是这种 “已经不在你身边了” 埋下了“非梦”的命运可能&;&;而这就是&;&;天行健的 发展的步伐 ！这些歌曲&;&;是一种强大的精神动力 力量为什么人 有精力 兴趣&;&;甚至 命运或有垂青&;&;变轨的起&;&;变轨的秒&;&;我非常认为&;&;都和这样的歌曲 喜欢 有关系因为里面 洋溢着对 党的事业的热爱&;&;对过去的无限敬爱&;&;这些就是 前行—最大的力量&;&;和“吉人 自有天向”的原因,B2094757D06BA3FC4699
今天的任务👸,B2094757D06BA3FC4699
什么是退无可退的保温杯？？什么叫黑贝是最脚滑的前锋？我就觉得，你厂.1(哇，很僵硬，我那个狗头的表情找不到了),B2094757D06BA3FC4699
办公室搬家收获小花一盆，叶子看着好想吃...,B2094757D06BA3FC4699
下午狗完又来剧组蹲改签三四次明天早上终于要回去了然而还是没有正面看到过狗他也太坎坷了吧！还没有下班 我还能狗到他么估计蹲完我就可以直接回家了  ​​​​,B2094654DA6AA6FD449C
倒计时⌛,B2094451DA6CA4FB479E
到处都是洋气的小洋房，原来纺织集团承办上海时装周[好爱哦],B2094654DB6BA7FF4599
集团真的哦！远的很棒了,B2094654DB6BA7FF4599
终于周末了 焦头烂耳的一周[二哈]忙爆炸生活💥 继续买家具[衰],B2094757D16BA0FF449B
在这个办公室呆了三个月之后终于看到一个有点帅的小哥哥,B2094654DA6AA0FD479F
国家总理李克强访问张江罗氏制药,B2094654DA6AA0FD479F
罗氏制药有限公司,B2094654DA6AA0FD479F
#美的觉醒——珠宝大师杰作展#展厅一角,B2094654D564A3F84792
还好赶上了展览的末班车#美的觉醒——珠宝大师杰作展#,B2094654D564A3F84792
从珠宝大师的作品上，反映的不仅是精妙的设计和高超的工艺，更是人类文明推进的过程。  之前对珠宝的认知真是管中窥豹，有幸与行业大师同行，期待即将面世的《珠宝简史》和年底落成的珠宝博物馆！,B2094654D564A3F84792
参观“珠宝大师杰作展”,B2094654D564A3F84792
2018年上海中华老字号博览会今天开幕，上海市商务委副主任刘敏、黄浦副区长陈卓夫、上海商务委市场处处长周岚、黄浦区商务委主任陈湧等领导莅临老凤祥和中华第一铅笔展位参观。对老凤祥产业创新、品类创新的珠宝金饰眼镜和腕表等新产品开发，给予浓厚的兴趣和高度赞扬[强],B2094654D564A3FF489E
终于熬到周五了,B2094654D464A3F9459B
加班中,B2094654DA6DA6FB409B
中国文化产业园区联盟主办，上海德必文创发展研究院承办的文创园区投资与发展峰会！上海市文化创意产业推进领导小组办公室副主任强荧致开场白！各专家观点与视角讲述文科创产业园区投资与发展机遇！,B2094654D464A3F9489D
误删了表格里非常重要的内容还不小心按了保存，有没有高手知道怎么恢复？求救！[快哭了],B2094757D069A3FB449F
加班中，突然袭来的三只松鼠 也是一点开心呐～👻&;&;​​​,B2094757D069A3FB449F
工作之余。,B2094757D069A3FB449F
马上可以接客了,B2094757D069A3FB449F
加班加班，明天就可以回家啦,B2094757D069A3FB449F
困顿的我需要续命咖啡来一杯# 瑞幸咖啡#,B2094757D069A3FB449F
抓狂,B2094757D069A3FB449F
开会一整天…,B2094757D069A3FB449F
有很长一段时间，我的工作，就是给各位朋友当知心姐姐。当然，其实我是有正经工作的人。只是正经的工作时间，都被我用来安慰朋友，哄朋友开心了。不管我多忙，有多少正事儿要干，我都会腾出手飞快打字，认真回应电脑那边心情糟糕的朋友，顺便不带思考的敷衍客户。我觉得没什么不好。我谢谢朋友对我的信任。觉得能为他们排忧解难的自己棒棒哒。是从什么时候开始，我觉得承受不了了呢？大概是，因为爸爸车祸住院，我消失了一个月。这一个月，他们不知道过的好不好，但没人知道我已经一个月没上班，每天守在医院，从到普通病房。每天在陌生小县城的小旅馆里害怕的睡不着。没人发现我已经一个月没跟他们聊过天。我已经一个月没更新过朋友圈。大概是，朋友连续几天跟我哭诉生活的烦恼，我都耐心安慰。然后，我打电话去说不开心的时候，她说，你怎么这么多负能量，我不想跟你说话了，我要挂电话。然后我发现，我也开始脆弱了。我也承受不了那么多负能量了。我解决不了那么多糟心的事。这些糟心的事，也会让我心情持续糟糕。莫名的的不行。会跟身边的爱人吵架。我想努力做温暖的人，温暖那些承受了生活的辛酸还依然努力的人！我想积极阳光的生活，不被任何困难打倒！我想做更强大的人，支撑自己的责任和梦想！天干物燥，拒绝负能量。。,B2094757D069A3FB449F
昨天下午老大的客户来公司，还是老套路，摆开龙门阵，喝茶聊天嗑瓜子，瓜子用的是绿茶味身材好的洽洽，茶是金骏眉，茶话会就此开始。我英文很垃圾，高中大学都不知道怎么混过来的，口语就会说个   之类的，逼不得已的时候，看英文的文章就靠有道词典，一个单词一个单词翻译看。以前不好好学习，现在极其后悔，书到用时方恨少。我时常都想，把自己回炉重造一下，其实我内心里面特别羡慕英文呱呱叫的人，把老外忽悠一愣一愣的。好吧，此事我记在心里了，有时间把自己扔回校园，烈火烹饪，重造。不过和聊天，挺照顾我，和我说中文，他出生新加坡，一直在全世界飞来飞去，中文不好，哈哈哈哈，中文不好。鉴于他听中文一知半解，我就拿出毕生所学诗词歌赋国之精华，天降大任于斯人也，春花秋月何时了，往事知多少，小楼昨夜又东风，一顿忽悠，听得津津有味， 赞不绝口。是混化妆品行业的，对化妆品企业比较了解，化妆品男性用户是无感的，估计女生都知道，女生买了化妆品第一件事就是扫描二维码验真伪，这是一个高频动作。你要是和国外混的人接触多了，就会发现，发达地区的人活得都比较精致，比较爱惜自己，各种护肤品不断的往自己身上招呼，你看香港的一些明星，几十岁了还跟10几岁似的，就是她们爱惜自己有保养护肤的意识。其实现在国内一线城市有这样的趋势了，如果我混不下去了，我就去出个网红品牌，做男士护肤品，品牌叫“隔壁老王”，广告语就是，用了隔壁老王就有变成隔壁老王的潜力。,B2094757D069A3FB449F
每天都在怀疑自己是不是做错事，诚惶诚恐。,B2094757D069A3FB449F
好在和我挤3号线的人不多，总可以摆脱挤11号线被挤下来的尴尬 ，晚上做梦说梦话都是在和客户讨论测试问题，被自己惊醒才知原来是在睡觉，希望项目上线就快快结束，好好休息祭奠下这段时间死去的无数脑细胞，也不用再驻场挤地铁了,B2094654D56DABFD4592
人模狗样的职场新人,B2094654DA6FA4F8449C
平台真的很重要，与大佬相处进步快，即是机遇也是挑战！,B2094654DA6FA4F8449C
投资部太有爱，我已彻底沦陷……,B2094654DA6FA4F8449C
你们在过节，而我还在忙着采购食材！,B2094654D568A4F5459F
航道局半日游,B2094654D568A4F5459F
跨区作业,B2094757D069A3FD459C
中国平安好员工@中国平安 直属牛皮的领导王程，支持他们，放过孩子放过他们，谁放过我！,B2094757D069A3FD459C
也是效果不错的搭配：前两天公司招了个老外；希望大家配合我”……,B2094757D069A3FD459C
到平安常熟路大厅办理业务，之前打过电话，客服说中午一般人比较多。到了大厅，发现等候的人挤得大厅满满的，拿到的号码显示前面还有20多号，可开出的服务窗口才一个，办理业务效率太低了！平安的服务意识在哪里？@中国平安,B2094757D069A3FD459C
喜欢这个园区,B2094757D069A4FB4499
第一次出差打卡,B2094757D069A4FB4499
天翼好员工 &;&;巡回演唱会，了解一下,B2094757D069A4FB4499
在中国，办任何事都要有耐心[嘻嘻],B2094654DA6AA7FC4699
"哈哈，怕指甲油💅味道影响员工工作，我自觉的把家伙事搬到🚻洗手间，逢人都问我你是做护肤品的吗，我就是出来涂个指甲油而已
：在公司里，我这样的员工，不知道是我炒老板还是老板炒我",B2094655D26EA1FC439A
新工作第一天，要好好学习了,B2094654D565AAFD4892
不过别难过：婚姻是爱情的坟墓，阿门！每个人最终都会走进坟墓、放心去吧,B2094654DA68ABF94199
你好呀新实习第一天离成为富婆不远了,B2094757D168A6FC4093
😳😁😯加班无聊中～～～,B2094757D068A0FE439F
麻痹的，今天可是周六呀，打车费公司能给报了不,B2094654DA6AA6F44293
每天混迹在工地 爬楼 搬砖,B2094654DA6AA6F44293
被操了一整天，终于下班了，也终于觉得自己应该要有决心离开这里了，,B2094654DA6AA6F44293
挤公交太痛苦了我得攒钱买辆车,B2094654DA6AA6F44293
惊了，我们公司的开始做班主任的工作了，垃圾公司,B2094654DA6AA6F44293
通宵的鸟儿有食吃,B2094654DA6AA6F44293
周六加班14个小时的酸爽滋味，,B2094654DA6AA6F44293
下班，发个照片装个逼,B2094654DA6AA6F44293
为了他们家开户我真的尽力了,B2094655D26FABF84193
跟同事争，你赢了，团队散了！跟老板争，你赢了，工作悬了！跟顾客争，你赢了，顾客走了！跟家人争，你赢了，亲情没了！跟朋友争，你赢了，朋友少了！跟爱人争，你赢了，感情淡了！跟谁争，争赢都是输！不如跟自己争，把自己做大做强，才是真正赢家！遇事别太计较！心有多大舞台就有多大！宽容他人，善待自己，放大格局！,B2094757D06BA3FD4499
俄罗斯的领事馆依旧。,B2094757D06BA3FD4499
陪我家尼哥来投票@俄罗斯驻华大使馆,B2094757D06BA3FD4499
此刻，办公室里安静的欣赏照片，放到自己的微博里，如同放进一个无限容量的大相册，空间、朋友圈不便发这些美照，不能如此肆无忌惮，微博真好，这边风景独好,B2094757D06BA3FD4499
走路回家[拜拜][嘘],B2094757D06BA3FD4499
有工作的地方没有家，有家的地方却没有工作他乡容纳不下灵魂，故乡安置不了肉身一个叫家的地方找不到养家糊口的路找到了养家糊口的地方却安不了家从此便有了漂泊，有了远方，有了思念为什么要离开熟悉的环境、亲爱家人和朋友？那是为了以后能更好的团聚总要一个人孤单的走完一些路去一些陌生的地方，见一些陌生的人，吃一些从未吃过的苦这一切，不是自己作死，只为了让自己羽翼丰满能更好的陪伴自己在乎的人……,B2094757D06BA3FD4499
工作使人颓废,B2094757D06BA3FD4499
毛子领事馆和街角驶过的911,B2094757D06BA3FD4499
终于把签证递交了，大鹅的之旅越来越近了,B2094757D06BA3FD4499
12号线不光坏了，公司旁边的两站都不停靠,B2094757D06BA3FD4499
大鹅签证，不过给的时间还真的是完全按照我的行程来，一天不多一天不少啊,B2094757D06BA3FD4499
远离陆家嘴的纸醉金迷，挨着租界和寺庙，我们研究所大概是全上海最佛系的券商研究所了，我们也是最佛系的分析师了。,B2094757D16CA6F9489A
虽然行业有差异，但是 办公理念是相通的。统一协同办公平台和场景化办公是主流，但内部系统数据打通和外部平台的融合度要根据自己公司需求和规模适度掌控,B2094757D16CA6F9489A
累啊,B2094757D16CA6F9489A
每天工作的源动力☕️@瑞幸咖啡,B2094757D16CA6F9489A
十一月真快乐呀（十号我也加班了的，只是少打卡了）,B2094757D16CA6F9489A
哈哈哈无敌准了我下班了下班了,B2094757D16CA6F9489A
哭一场，然后继续笑着走进地铁是生活逼迫我拥有的勇气。,B2094757D16CA6F9489A
不多说，敬业的人一般都这样！下班到公司门口还要开电脑发邮件,B2094654D564A1FB469E
我热爱工作,B2094654D564A1FB469E
每天起来的太早了，不是赶地铁就是赶班车，严重缺觉，缺到便秘 上海·光明乳业股份有限公司乳品二厂,B2094654DB6BA7FA4493
"我发现人生最痛苦的就是在你很困的同时明明没事不干却还不能睡觉 
领导在的情况下还得装作很忙的样子",B2094654DB6BA6FC429D
感觉三号线把我挤瘦了一圈…,B2094654DB6BA6FC429D
下班啦……周末还不用补班九天小长假开始啦……,B2094752DB6EA7F5489B
收到了授权的见面邀请商议……我日小透明好方祝我顺利！！！我去了,B2094654DA6EABF5479B
受到最大影响的莫过于江淮汽车！对于中国汽车及零部件出口厂商而言、这将削弱其产品在巴西的竞争力、今年1月至7月、超过了中国其他品牌同期销往巴西轿车的总和[哇],B2094654D56CA2FB4393
公司的一角,B2094654D56CA2FB4393
1个柠檬能喝1个星期左右！沥水捞出。加入凉水使得淹没柠檬片。,B2094654D56CA2FB4393
为了找订单打开了邮箱，然后。。。。我震惊了。终于知道自己为何这么穷了，都为祖国的铁路事业奉献爱心了。❤ 心疼的抱抱胖胖的自己。,B2094654D56CA2FB4393
讨厌这地方。最近做条件要做吐了😭明天又加班。,B2094654D56CA2FB4393
不管身处何地，我都是自觉加班的好员工。还有，没有咖啡机的公司，没有好老板。,B2094654D56CA2FB4393
🐎一波客户公司的景致,B2094654DA6EA2FB4799
上海那个冷啊…好想早点回家。培训的头都大了。,B2094654DA6FA4FB419D
上班期间这么光明正大地开小差好像有点不太合适…（用着公司的电脑和打印机在办公室里大摇大摆地复习自己的考试📚🙇）&;&;​​​,B2094752D46AA2FE499A
刚清闲两天准备去家附近的健身房了解一下又开始加班,B2094757D16AA3FB4892
开会喽2018第二个会,B2094654DA6FA4FF429F
开工大吉！🌻🌷🌿,B2094654DA6FA4FF429F
来客户这里想起昨天税法没选对的“导热油”。。。醉了。救救孩子。,B2094654DA6DA0FC4199
秋招结束了！希望有好的结果！继续努力！,B2094654DA6DA0FC4199
大企业就是不一样～超级&;在你人生迷茫的时候，不要待家里胡思乱想，多出去见见世面[被电]其他的不重要,B2094654DA6DA0FC4199
又回来当面试官，熟悉熟悉希望俏俏会进，不，俏俏一定会进,B2094654DA6EA4F5429A
新一阶段搬砖走起,B2094654DA6EA4F5429A
•同事都好厉害棒棒棒👏👏,B2094655D26DA3FA4598
929的早晨,B2094753D56FA6FF419F
收工。,B2094753D56FA6FF419F
公司话术比赛 亚军 。,B2094753D56FA6FF419F
明天要回家了……能见到媳妇和女儿的期待以及要面对的一堆工作的烦恼……,B2094753D56FA6FF419F
周六一大早来加班的我也是非常前进了,B2094654DA6EA2F9439C
赶上好福利系列换新电脑了主机超超级小（只有移动硬盘般大小）屏幕超超超级大（感觉用起来会很爽）,B2094654DA6EA2F9439C
下班下班，这个行业真的不是人待的，转行转行，还是水母好看,B2094654DA6EA2F9439C
我真是困成一坨肉泥…,B2094654DA6EA2F9439C
徐家汇项目就是个大坑，树根里绕了一天我已经脑壳疼了，不过学到了新技能美滋滋,B2094654DA6EA2F9439C
公司同事考出了一注结构和一注岩土，简直考神！！！感觉可以躺着收钱了，分了蛋糕🍰🍰🍰,B2094654DA6EA2F9439C
每天进步一点点！[可爱],B2094654DB6CA1F8459F
经验重要 还是能力重要？&;&;现阶段我认为放低姿态看世界最重要。,B2094654DB6CA1F8459F
人生就像参加着一场马拉松比赛，在奔跑的途中懦夫因疲惫而停下了脚步，而强者则凭着坚强的意志，奋力拼搏着各种压力和困难，到达了终点收获了成功。早安！,B2094654DB6CA1F8459F
我在这里,B2094654DB6CA1F8459F
"今天是演员 拍京东的广告
说9:00拍手模，然而我8:00就到了
 ​​​ ​​​",B2094654DB6CA1F8459F
万顷波中得自由[咖啡],B2094654DB6CA1F8459F
战斗的温暖,B2094654DB6CA1F8459F
是棉花糖般的午后呀,B2094654DB6CA1F8459F
开工 广告拍摄 电影拍摄造型师藤一 ​​​,B2094654DB6CA1F8459F
一杯红牛配五一。,B2094654DB6CA1F8459F
最近就是脆弱到不能被凶一点点就想被宠着惯着夸着被笑脸相迎 ​​​但凡被凶一点点就委屈巴巴,B2094654DB6CA1F8459F
这一年拍片都把自己熬苍老了,B2094654DB6CA1F8459F
"前两天拍摄见到了我最喜欢的女明星孙俪姐姐 我竟然忘发微博得瑟了
本人友善，和颜悦色，演技无可挑剔，基本一条过的那种。仰慕～
 ​​​ ​​",B2094654DB6CA1F8459F
梁沛文说那么就不做了，既然我们做了，就做的最专业最牛逼的一个！！！&;这半年最大的收获&;&;​​​,B2094654DB6CA1F8459F
，连续奋战80个小时，时间停止..卡萨帝杀青！！！,B2094654DB6CA1F8459F
"，这是最漫长的等待……
最后一个镜头可，已然过了脚本的预定时间，依然等待中……",B2094654DB6CA1F8459F
當你走進這歡樂場 背上所有的梦与想。,B2094654DB6CA1F8459F
累死了要,B2094654DB6CA1F8459F
江苏卫视新片,B2094654DB6CA1F8459F
这个月把和鹿晗都拍掉了,B2094654DB6CA1F8459F
片场日常。,B2094654DB6CA1F8459F
文艺工作者真的很辛苦。。,B2094654DB6CA1F8459F
早早的收工 还有玫瑰花收[爱心]幸福,B2094654DB6CA1F8459F
屁屁真性感,B2094654DB6CA1F8459F
我在这里,B2094654DB6CA1F8459F
就算天天不吃肉，明天照样一身小肥肉！,B2094654DB6CA1F8459F
?,B2094654DB6CA1F8459F
第一次连干24小时不停歇，全组都被这混血给萌到了[捂脸][捂脸]回家补觉喽！,B2094654DB6CA1F8459F
开心跨年[挤眼],B2094654DB6CA1F8459F
‍♀️‍♀️,B2094654DB6CA1F8459F
拍片三整天，睡眠三小时。,B2094654DB6CA1F8459F
为期4⃣️天的培训🔚&;&;有进步就好&;&;下次会做得更好,B2094654D564A3F4439D
部门这么少女心？,B2094757D065A3F8459A
今天在地铁上看到一个超级好看的小哥哥！超级有气质！然后到了客户那收到消息要回公司巨困,B2094757D065A3F8459A
拼了命的想做出成绩不让人看笑话 却在天色暗下来后 偶尔会患得患失 渴望理解和依靠 ​​​,B2094757D164A5FA4293
&#627;数控机床今受邀参观数控加工,B2094757D169A2FA439E
误入了一个办公大厅对方问我是不是来做婚检的脸上笑眯眯心里,B2094450DB6BABFF4098
每周一次的报道，这个梗是过不了了！,B2094450DB6BABFF4098
一天啥都没吃…现在已经感觉不到饿了…感恩提前下班,B2094450DB6BABFF4098
这里的办公环境真是贼好好想在这上班,B2094450DB6BABFF4098
每次来行政大厅我都迷路,B2094450DB6BABFF4098
两年前在这办的入台证 现在还能拿吗,B2094450DB6BABFF4098
准备订机票了才发现护照过期了,B2094450DB6BABFF4098
2018 二月初一我也是有证的人了,B2094450DB6BABFF4098
就一个字 等着,B2094450DB6BABFF4098
【注签那点事儿】大早上的，去徐汇分行自助办理港澳签证注签银子是扣掉了，结果是显示这样的……结果啥玩意儿哪位大神，遇到过这种情况需要多久能处理好，不耽误行程就行,B2094450DB6BABFF4098
今天还能走出这个地方吧,B2094450DB6BABFF4098
若有人能陪，人再完美……可以暂时茫然、情感也需要慰藉。便是最好的心语倾诉、才是一个有魅力的女人：一个有信仰的女人……若是美好……若是糟糕……,B2094450DB6BABFF4098
已经第五次来工商局了，我的营业执照还没办到心累⊙﹏⊙来一次起一次早，希望这一周过的好一点,B2094450DB6BABFF4098
领导说带我来玩一下。,B2094450DB6BABFF4098
安全定位：在徐汇行政服务中心旁的 龙新高清摄影棚，搵食艰难,B2094450DB6BABFF4098
换证等于重办，都是人,B2094450DB6BABFF4098
到处都是全新智能化的设备，不知道的还以为是什么高档共享办公室呢～,B2094450DB6BABFF4098
一天大约就耗这了,B2094450DB6BABFF4098
就这办证态度和痛快程度 我真是太爱上海了！！！,B2094450DB6BABFF4098
你能找到照片中本届澳网的大黑马棒子国的郑泫吗？期待今晚的老少对决，为双方加油💪说句题外话，费越老越有味道，纳还是年轻时候更帅气个人观点，奶牛和豆粉们别打我,B2094450DB6BABFF4098
政府办事部门网上查到的工作时间为早上到下午，中间没休息的。心里有疑虑，但想想其他时间也没空，干脆就去了吧。到了地方，保安说中午休息真是不该抱有希望的，天真了！,B2094450DB6BABFF4098
周末加班2000,B2094450DB6BABFF4098
你再仔细看看：操、再买一瓶。去一小卖部买了瓶冰红茶！特渴！老板很淡定地说……我一看、也没说什么；已经喝了[乞讨],B2094450DB6BABFF4098
护照办理只需15分钟,B2094450DB6BABFF4098
等候办理该业务人数：46人,B2094450DB6BABFF4098
哇，今来得太早了，然后遇到了肖彬，真人好瘦啊,B2094450DB6BABFF4098
啥啥都电子了，网上预约了，还一个人专门收费，一天到晚啥事没有，问个问题，回答的极其不耐烦。吃着酸奶喝着小茶，看着热闹，舒服的不要不要的，搞不懂难道更年期，一大早就那么凶。,B2094450DB6BABFF4098
记一个昨天加班到2点早上8点半到公司打图一天开三个会打，我又回来了,B2094450DB6BABFF4098
去徐汇区行政服务中心办事，电梯行业至三楼时，突然闯进一台机器人来，还发声让我往里面靠，出电梯时还与我打招呼告别呢。有意思。,B2094450DB6BABFF4098
没带钱阿姨问，还办不办,B2094450DB6BABFF4098
自从上海工商内档打印不要钱之后，每次来阅卷都能看到这么诡异的场景，就是不管有用没用全部打印几千页的材料，看起来是一个助理律师带着个实习生，助理律师对实习生说也不知道老板要什么，不如什么都要，总不会错的。,B2094450DB6BABFF4098
给徐汇区行政服务中心点赞，设施一流，办事效率一流。,B2094450DB6BABFF4098
我被分在第一排：发现他还在看我；一边听一边填：有一次英语课……,B2094450DB6BABFF4098
办照,B2094450DB6BABFF4098
受一位客人委托，上海国家徐汇区行政服务中心办理户籍迁移手续,B2094450DB6BABFF4098
行政服务中心改造的真心牛，就是超市找不到了,B2094450DB6BABFF4098
为了规避责任，真是什么都说得出口！！！！,B2094450DB6BABFF4098
这里怎么不可爱了 一次比一次排队长,B2094450DB6BABFF4098
项目报建咨询,B2094450DB6BABFF4098
周六果然人多排队等吧,B2094450DB6BABFF4098
终于弄明白，确有公示审计，卅多年第一次遇到，又要准备一堆资料……,B2094450DB6BABFF4098
晚上下班不但没有去健身，还跑去徐家汇一顿胡吃海喝，我这身肉啊，恐怕是没救了。,B2094450DB6BABFF4098
最近有点虚弱要养养了行政服务中心装修好今天进去都懵了又要回公司了需要提提神,B2094450DB6BABFF4098
这个地方能给差评吗？如果可以的话我想给个恶评！ 网上预约不知道是干什么用的，约的1点半，实际办好4点半。网约窗口两个，现场窗口四个。人家没有网约，比我后来的都办好了，我还在等。拍照的工作人员大概是要赶着去投胎，人还没坐稳闪光灯就打了。 拍好也不让看一下，直接丢单子。邮政邮寄一定要强制扫码关注它们才给办理。不是变相推销是什么？纳税人的钱就养着这群人？差评！,B2094450DB6BABFF4098
里面的卫生间，有蹲式 坐式 还有无障碍式。提供洗手液 厕纸。可以说很赞了,B2094450DB6BABFF4098
一群好友一起约饭一起讨论工作、设计、规划，一起听课探讨，时光不负我们、我们亦不负时光,B2094757D068A1FF4599
“他把所有奉献给了艺术，同时也是依靠艺术再活了一次。这个人，有很多值得聊的地方。他就是约瑟夫·博伊斯。今晚，德国驻上海总领事馆文化教育处济济一堂，我们共同聆听杜塞尔多夫美术馆馆长，艺术史学家格雷格•杨森先生聊一聊在国际上产生了广泛的影响，并影响了中国的一大批当代艺术家的伟大艺术家博伊斯[玫瑰]1月20 日，昊美术馆（上海）年度大展“见者的书信：约瑟夫·博伊斯×白南准”拉开帷幕[鼓掌],B2094757D068A1FF4599
讲座第一次早到。最近又到瓶颈期了。不踏踏实实落地和犯错整个人还是虚。老陷入虚无怎么行,B2094757D068A1FF4599
一个快要离职的人还这么敬业的加班居然一时热血想自己写文章了在我合上电脑那一刹那突然想起来我还有5个实验没看明天就要报告文献了只能怪自己沉迷 无法自拔[胡巴目瞪口呆]  ​​​​,B2094757D569A0F5449F
4.27起飞的行程，4.11提交资料，4.12补交资料，当天多次带着订单号询问客服是否补交完成，客服安抚我等待，结果4.18收到系统自动退款通知！！！！[悲伤][悲伤]4.18当天向客服说明情况以后专员11点给我电话过来，承认内部沟通流程有问题导致退款，[鼓掌]承诺重新下单给我加急办理。所以4.18当天立马重新下单提交了资料[哼]现在初审已经通过，辛苦各位帮忙加急上传占配额，进入台湾移民署审核！！！！[怒]@台湾自由行_网站客服 @台湾自由行 之前因为内部沟通问题导致出现的差错，麻烦这次履行承诺改进和加急办理！！！！！[怒]网页承诺初审通过100%下证，还承诺如果是你们的原因导致入台证没有下发，每份补偿1000，我想知道你们的承诺！！！都会履行吗？！！！！ [怒骂],B2094757D569A0F5449F
早上撑着伞都挡不住紫外线的摧残…都快晒化了…我以为平时上班的地铁已经很挤了…和这里的相比真是小巫见大巫…今天本来蛮高兴的，毕竟陆家嘴小分队第一次相聚… 今天遇到的所有工作都太糟心了，跟软件园相比这里一点都不友善、活泼、放松、舒服我宁愿回去做100页，100个,B2094654DA6FA7FF4292
真的感谢命运使我们相遇第一次实习进了那么好的公司！不只是老板，平时接触过的都超级我的就更了真的非常爱爱爱爱爱这里！我真后悔我咋不早点把雅思考出来，继续一直呆在这里,B2094654DA6FA7FF4292
好好上班我看是不可能的了,B2094654DA6AA0FD479E
上班第一天，独自一人在这🌝😂,B2094654D564A1FA4499
今天我是年会摄影师〈ノ,B2094654D564A2FF4099
以后我也是 了，这是目前为止发的最有底气的邮件，哈哈。,B2094654D564A2FF4099
入职快乐。    . 以后每天可以免费畅饮，还自己做咖啡，哈哈。,B2094654D564A2FF4099
做自己喜欢的工作，每天中午还可以和胖胖约饭开心到飞起,B2094757D069A0FC449B
如果可以带着草莓熊🐻上班，再困，我也爬得起来,B2094757D069A0FC449B
这里是凌晨三点半加班电台，熬夜已经使我快忘记怎么呼吸了，祈祷长命百岁！,B2094757D069A0FC449B
殊不知大家早就偷偷注册过珍爱网百合网,B2094757D069A0FC449B
为了年会的大奖和现金奖，球球了一首暖暖送给大家,B2094757D069A0FC449B
下班前的惊喜[耶],B2094757D069A0FC449B
现实是坚硬的。前提是！你能拿出让现实不困扰你的能力！,B2094757D068AAFD469D
就是令自己不要忘记、当你不能够再拥有。你唯一可以做的……,B2094757D068AAFD469D
谁见过为劈头而来的巨石而焦灼回避的流水、让我们离自己的心更近：但闹钟并不这么想[亲],B2094757D068AAFD469D
”。用了三年的一段空间说明文字终于改了“或者让我一生都拥有着你，或者我们永远都不要相见,B2094757D068AAFD469D
分享 的歌曲  (第一步),B2094757D068AAFD469D
——天庭驻凡间办，本办刚接到通知；因长期分居……．——太想念一个人却不能再见的时候。通知……,B2094757D068AAFD469D
人生路上有两件事让人难过……二是被人可怜。清新的颜色：温暖的调调、简简单单就很美！不能错过呦~；一是被人嫉妒,B2094757D068AAFD469D
",.谁拒爱于门外。也必将被爱拒诸门外、沉默能避免许多问题！",B2094757D068AAFD469D
區裡的項目，(70年代）上海老鋼琴廠，設計改造成_文創+...設計攻堅開始☞,B2094757D068AAFD469D
即使它会失败、我也会觉得这一生无悔。我想为我的梦想去奋斗！,B2094757D068AAFD469D
不解释：喜欢的转～……这样的枕头绝对舒服,B2094757D068AAFD469D
再对剖成4长条：放入绞好的肉炒散，白色宽松+破洞仔裤……越简单越帅气~，葱片姜丝炒香4将炸好的茄子倒入锅中……,B2094757D068AAFD469D
夏天一到：你们呢~，空调：洗澡。前者让他看到的是自己和周围的人；西瓜：但他们在精神的深处都是孤独的。后者让他看到的是跟自己及周围的人不同的人！我的脑海里只有三个词。,B2094757D068AAFD469D
多年累积的欲望清单也许能一朝实现、怎么能不让人爽到心惊肉跳……有些情侣结婚可能只是因为会收到梦寐以求的礼物……,B2094757D068AAFD469D
你会好起来的”。“如果我死了。你就打开它……他接过盒子好好地收了起来……,B2094757D068AAFD469D
自由泳的运动量比较大：同样是游泳、就可以远离肥胖的困扰！,B2094757D068AAFD469D
盗版的祝福咱不睬。人生的过程之一。只有一句话送给你……你我友谊绝对原创：就是不断解决问题：真心实意拒绝山寨；既然交情这么铁，何时吃饭把我约，世界知识产权日[瞌睡],B2094757D068AAFD469D
其实我已经整整一周没有吃到东西了；别看我满尽披黄金甲。豹甲。,B2094757D068AAFD469D
气场十足的辣妈造型……潮味十足、短发造型。配上一条黑色紧身牛仔裤：戴着一副黑色墨镜……轻慢……点亮黑色造型。,B2094757D068AAFD469D
可当福特纳打开车门查看丈夫的位置时！美女；夫妻俩开车抵达住宅后！有个女人说！,B2094757D068AAFD469D
@你在找的伊尔凡,B2094757D068AAFD469D
而那些孤寂的人都有一支开花的笔……哪怕他花团锦簇，妙字入珠。心底都是寂寞无边的！,B2094757D068AAFD469D
总有那么一个人……他宁可死也会对你出尔反尔《山楂树之恋》！世界这么乱,B2094757D068AAFD469D
都安然对待！不是有了缘分……缘份未到：缘份到了、便去伸手抓住。,B2094757D068AAFD469D
才知道！爱情被你抓得越紧；自己的痛苦；唯一的结局、最终只能击碎你的梦幻。就是在拨通电话时……忽然不知道要说些什么……,B2094757D068AAFD469D
所以美丽。并不可能只爱一个人！珍惜着我！但往往有一个人让你笑得最甜。不图荣华富贵：无私又真诚的呵护着我。因为距离……只愿身边的那个人可以细微却真心的、但是可以这样无私真心的去爱也不易。所以勇敢。,B2094757D068AAFD469D
据说明天能来一姐姐帮忙……我要昏过去了快,B2094654D56BABF4409F
拿到资料就知道 今个不睡觉了 从后天开始每天要去一个陌生的地方 自闭而又孤独的这周如期到来&;心态越来越差&;&;差到都快要想去写简历了,B2094654D56BABF4409F
好像每年十月七号都在加班中度过……,B2094654D56BABF4409F
目测今天出城（漕河泾）很堵 堵 堵,B2094654D56BABF4409F
办公室里的友爱,B2094654D56BABF4409F
今天也要好好努力上班呦～,B2094654D56BABF4409F
『大城小爱』咖啡师技能大赛现场，祝大家赛出风采！💗# 1#,B2094654D56BABF4409F
同事前天跟我说，上班随身背的包给弄丢了，我问她咋丢的，她说骑小黄车后放在车篮里忘拿了，里面就一个不用的手机，和几张银行卡。我让她银行卡赶紧去挂失，这姑娘心真大[允悲]，波澜不惊地说，没事儿，反正卡里也没钱，就算有钱别人也取不出…  今天上班她收到一个快递，打开惊奇地发现是她的包[笑]，原来她的包里有一张信用卡回执单，上面有她公司地址，拾到的人就给她寄来了。    可以说是我见过的最 的失而复得事件了[笑],B2094654D56BABF4409F
上班两小时放假一整天,B2094654D56BAAFF4093
离开魔都前也算是感受了把金融公司的面试,B2094757D16AAAF84298
辞职那天才见到大老板,B2094757D16AAAF84298
哈哈汇添富基金的官微点赞了我之前在公司里发的公司海报微博[憧憬][憧憬] @汇添富基金 官微主页君么么哒[爱你][爱你],B2094757D16AAAF84298
最后一天上班...请原谅我要自私一点余生很长我想慢慢走是你的终究是你的,B2094654DA68A3F5469E
要你插什么嘴……“这是猫。丈夫知趣的去逗猫玩：”丈夫惊奇的说。不是猪……回家时：妻子吼道。妻子铁青着脸！”妻子又一口接过；“你跟那头猪在一起干吗。,B2094757D06AA3F84792
在莪看来！而且是个相当糟糕的借口：说实话；不再有感觉了、终于痛到麻木了；你说你不是不爱……还不如对不起~你给不了莪想要的幸福！肝肠寸断~终于痛到不再痛了：你不能远离家人[闪牙1],B2094757D06AA3F84792
周一急急忙忙赶到市民中心吃早饭,B2094757D06AA3F84792
官宣@藏马009,B2094757D06AA3F84792
“不要问我太阳有多高。我会告诉你很多。我会告诉你我有多真……,B2094757D06AA3F84792
又会流干眼泪！不再挣扎！能够说出的委屈！读得太认真！,B2094757D06AA3F84792
-的阴冷气质与法国温情电子的浪漫情怀，清新优美不食人间烟火的声线《》：让身心尽情的陶醉其中吧,B2094757D06AA3F84792
只要我们有勇气坚持……再疼的伤痛终会过去：既然曾经拥有的都是对方的真实、相信一定是爱比恨多一点，信心百倍地走未来的路。你是真的。在每个人的生命中……,B2094757D06AA3F84792
最近都在外面晒太阳 然后在冰库里瑟瑟发抖为什么政府部门的空调开这么低🙃🙃🙃,B2094757D06AA3F84792
"不要太介意，不要去勉强。你若想用爱去感动一个不爱你的人。同样：所以,对你好的人，并不代表别人也这样待你！你可用更爱回报他。你对别人好！最后只能使自己更痛苦[痴呆]",B2094757D06AA3F84792
或许会让21世纪的都市男女会心一叹——在感情生活中！刻进命里的坚强。《凌乱的床》、准都有属于自己的一张凌乱的床。这是一个荧于身体出轨与感情投契的爱情故事；而女性更像是“喜剧演员”、女人一定要有四样东西，在爱情力学中：男性就像是“剧作家”。,B2094757D06AA3F84792
继续努力……才能站在山头！【人人爱砍僵尸……人的困境可能会持续很久、然后等待转机……据官方统计……活得久……,B2094757D06AA3F84792
每次急匆匆从机场赶到自贸区就不让我取号了，总踩着别人下班的点儿……！！！,B2094757D06AA3F84792
带着磨磨蹭蹭哭哭啼啼的新小姐大大皮，走向新世界,B2094757D06AA3F84792
生生的是让人无法自拔：为了这个人；但却不要身处花丛……等待。有这样的感觉，我们这一生！令人窒息的感觉：却只有一个，心里总是会泛起那酸酸甜甜的感觉！这不过是人生应有的代价！,B2094757D06AA3F84792
"如果你不快乐；--:.,.：永远都要记住，说明还不是最后结局。",B2094757D06AA3F84792
最好的圣诞礼物！,B2094757D06AA3F84792
可以在一起的理由！才发现还有100条！但感情蒙了谁的双眼，在一起的理由才是主流！分开的理由只是非主流，原来。,B2094757D06AA3F84792
人，对自己爱人！第一二责任尤其重要……,B2094757D06AA3F84792
余生请多多指教@,B2094757D06AA3F84792
新一代采用了最新的平台开发：得到消息称奥迪全新一代将于6月30日正式上市。撞色的运用也很吸睛。,B2094655D26DA1FC409F
是厂家限制车主的工具而已，给人的感觉确实很专业，没有哪个汽车厂家能生产机油：【原厂油真是原厂的……我知道我的人生才刚刚开始；我十岁的时候就发誓：我绝对不要嫁人当黄脸婆……——《钱多多嫁人记》……,B2094655D26DA1FC409F
一群人，同样的爱好，相聚在一起。,B2094655D26DA1FC409F
大吉大利，初八开工,B2094655D26DA1FC409F
十多年来 去了那么多不同的地方 认识了那么多有趣的人 服务了那么多了不起的客户  好有成就感的,B2094655D26DA1FC409F
"亲爱的客户及合作伙伴们：&;2018年春节即将来临之际，全体员工祝福大家新春快乐，万事如意！同时, 感谢大家长期以来对的信任和支持。为了大家更好的协调安排工作，特此公布春节放假事宜如下:春节假期安排放假时间:2018年2月13日(周二)－2月25日(周日)2018年2月26日正式上班最后祝大家狗年大吉,假期愉快!   : &;   .   . &;  .  '   :   : 2018/02/13 ()- 2018/02/25 ()     26.   ,    !# # @",B2094655D26DA1FC409F
雨兮雨兮！第二轮面试，加油呀！早到一个小时，妥妥的！,B2094757D064A3FD4898
老楼,B2094757D064A3FD4898
本周开始的春季行情，可能用这只股票来诠释是再恰当不过了。$特力ａ 000025$,B2094757D064A3FD4898
两个星期高强度加班了，似乎没有12点之前下班的…没有午休没有周末。中午的时候头好疼，但突然看到了招行推送…奖金下来了。好吧，继续忍着吧，对得起这个加班的奖金，哎,B2094451D26AA7FA4292
周一周二加班不小心把一周量的任务给完成了……恰逢单位业务淡季……导致这两天无所事事，地铁观光，食堂蹭饭，打卡签到，喝水回家怕不是实了个假习,B2094451D26AA7FA4292
简直要干不下去,B2094451D26AA7FA4292
来蹭饭吃,B2094450DA68A4FD4098
打个卡,B2094450DA68A4FD4098
为还在上班的童鞋们点个赞！,B2094450DA68A4FD4098
解完，还有性能优化部分需要做。,B2094450DA68A4FD4098
积极一点，脸皮厚点，努力一点，艰难期会过去的。,B2094450DA68A4FD4098
我的下班路,B2094450DA68A4FD4098
好久没骑车了，今晚骑车回！,B2094450DA68A4FD4098
卧槽这大半夜的给我点外卖，还让不让我下班了，，，,B2094450DA68A4FD4098
再一次晚归。 ,B2094450DA68A4FD4098
我司的新年礼品，柯基熊,B2094450DA68A4FD4098
二周深夜下班，今日开启🔛🕕六点钟下班节奏 ,B2094450DA68A4FD4098
全家桶公司半日游。,B2094450DA68A4FD4098
打个卡,B2094450DA68A4FD4098
这周终于快熬完了[睡][睡] ,B2094450DA68A4FD4098
再打个卡，回家,B2094450DA68A4FD4098
技术。,B2094450DA68A4FD4098
星期一，开启奋斗的节奏,B2094450DA68A4FD4098
"百度人我的一天拿着穿梭在找各楼层的会议室中...
最近喜欢上一个他- 张哲瀚😍",B2094450DA68A4FD4098
第一次这么早,B2094450DA68A4FD4098
百胜公司设施和氛围真的好,B2094654DB65A3FC4992
环广西一别，隔了半年再见计指导@自行车计成 @禧玛诺中国 那是相当亲切啊,B2094654D56BA7FC469F
🙃加班使人快乐,B2094655D265AAFC419C
等电梯！听说在楼道唱歌，会好听一点，然而并没有[允悲],B2094655D265AAFC419C
再也不换桌面了，这辈子都不可能换桌面了,B2094655D265AAFC419C
加班中[二哈],B2094655D265AAFC419C
不开空调的办公室真冷啊..熔掉的格里高又凝固了——记一次饥寒交迫的加班...,B2094757D164A3FC449C
今天面！想说以后还是要去男生多的地方上班群面五个男生都是汽车机械专业的只有我一个女生不过都炒鸡绅士超级照顾我一扫我对于群面的恐惧同济和上理的男生好评,B2094654DB65A3F9499D
我的工作手机,B2094654DA6AA1F4499C
为什么以前会觉得穿着一身实验服好帅气。。。。,B2094757D064A3F54493
受邀来德国莱茵（）做软件的培训，深入交流讨论了的测试方案，中午的披萨味道还不错,B2094757D064A3F54493
跑到市区来学习你说这个逼装得怎么样,B2094757D064A3F54493
乖，摸摸鱼儿~,B2094757D064A3F54493
新电脑机箱比电话机还小…屏幕大了好干活儿！[微笑],B2094757D064A3F54493
领馆张贴的出签时间 因为最近假期比较多要去游学的同学一定注意出签时间和报名时间哦,B2094757D06BA0F84093
出差魔都,B2094757D06BA0F84093
去菲律宾旅游的可以考虑考虑去了哦,B2094757D06BA0F84093
公司厕所签到,B2094654DB69A7FF409C
👑 办公室二楼 是个小舞台 带露台 方便做做培训做做活动,B2094654DA6AA1FB4093
前公司门前的红豆,B2094654DA6AA1FB4093
上次过来是面试正心谷创投 ​再次到此一游，时隔两年人这一辈子，真快,B2094654DA6AA1FB4093
新办公室 期待入驻,B2094654DA6AA1FB4093
最讨厌这些不回复我消息，不回复邮件的坏银,B2094654DA6AA1FB4093
冬日雨天☔️下班路&;&;望不到头的伞阵&;挤不上的班车&;&;瑟瑟发抖,B2094654DA6AA1FB4093
我刚刚在【你觉得单位里本科是底层吗？】中，选择了【是】，你也快进入话题表态吧！你觉得单位里本科是底层吗？,B2094654DA6AA1FB4093
这个小卡片吧，我本来是想好，有个很浪漫的用途的，也没用上，今日快乐源泉可能是保安叔叔夸了我两遍美少女，于是我把中午偷来的🍎送给了他，跟他说了声，圣诞快乐。愿所有愿望都能实现吧。❤️,B2094654DA6AA1FB4093
大风从坡上刮过、我家住在黄土高坡，原来是昨天心情好把房间收拾了……不挂科：哦……,B2094757D169A2FE4199
后来想明白了、觉得吴承恩设计的真他娘缜密——和尚不能吃肉,B2094757D169A2FE4199
现在在复旦大学泛海国际金融学院，听陈凯迹教授讲《基本需求还是投机性信贷繁荣?——中国抵押贷款市场剖析》,B2094757D169A2FE4199
还是没发现问题；但又找不出到底哪里不对、总感觉有点不对劲、汪汪一字一句看完后[哭泣],B2094757D169A2FE4199
又是一个防汛值班日，字写的差劲是因为楼内装修吵得头痛欲裂，还是太久没有练了，总得要找个借口吧！...,B2094757D06FA0F4479F
他们在办公室里看长宁的宣传片 我说阿我上次在区长见面会上看过 当时就一直想发微博说我居然看长宁的宣传片差点看哭😂我今天又看了一遍 我跟他们说 我住在这里工作在这里 甚至打球也不过骑单车过座桥的距离 我甚至还在区政府里挂职 我认识这里的路 逛过每个商圈 见过这里的日夜 这是我真正独立开始生活的第一个地方 我很喜欢它,B2094757D06FA0F4479F
来来来…来政府这边搞事情,B2094757D06FA0F4479F
城管局的人居然干这么萌的事情,B2094757D06FA0F4479F
一早到办公室，开心！窗前蝴蝶兰又开花了，同事送的糖也好有创意！,B2094757D06FA0F4479F
加班使我内心丑陋面目全非,B2094757D06FA0F4479F
美丽街区，精细化管理..先从美化办公环境开始[太阳]感谢科室同事们的同心协力，文化自信，保持好心情[可爱],B2094757D06FA0F4479F
加班开会讨论方案转眼过六点了[汗]窗外暴雨，难道又快进入防汛期了？[泪]天父大爱，总能恩赐小惊喜，办公桌瞬间上多了份礼物，小小花束💐编织得好精致，尤其是垂吊的铜铃，迎风欢歌，很是清脆！[鲜花],B2094757D06FA0F4479F
"早安！砚秋的水墨，砚秋的城市
本周首个工作日，上班辛苦！努力少抱怨，多感恩，争取做最好的自己，才能遇到最好的他人.....",B2094757D06FA0F4479F
上周末办公桌上严重缺水的灯芯草，一早神奇复活，感叹生命的顽强！半小时后凡也将第一次正式独立上台授课，为人生每一份成长喝彩，一切都是天父最好的安排，加油！孩子,B2094757D06FA0F4479F
上班！雨天,B2094757D06FA0F4479F
训练日,B2094757D06FA0F4479F
撸起袖子加油干！顶着清晨第一轮太阳走现场，汗流浃背，室内外温差真心没得比..再次有感而发，第一线工人是世界上最可爱的人，辛苦辛苦了！,B2094757D06FA0F4479F
"昨晚听到最正能量的一句话，分享给目前砚秋仅有的14个粉丝
“未来你会感激当下付出和努力的自己！”",B2094757D06FA0F4479F
办公室窗前宝贝蝴蝶兰花苞枝干也破土而出了！就是三年前画过彩笔画的那盆！去年换了盆，加了土，相信今年的花儿长势一定会更好！很是期待！,B2094757D06FA0F4479F
第一次开车采访，就蹭了上街沿,B2094757D06FA0F4479F
中秋小长假，第一天迎来防汛值班的节奏，独处，也是难得的安心..,B2094757D06FA0F4479F
这个世界中许多美好的相遇和际遇：使我的生命丰盛满盈；刚刚好，我的世界有点小，很累；却是刚刚好、撑着起来看着宝贝拽着小拳头睡觉的样子真是可爱；好久没睡觉了……,B2094757D16CA7F54999
总是在那里.；无论你如何逃避！真实的你,B2094757D16CA7F54999
地理老师和物理老师帮你勘测地形：万一要是你被关了进去：政治老师陪你去法庭、数学老师为你算胜率；化学老师帮你配制炸药；“看到老人小孩跌倒就要去扶。我和全体师生到学校门口接你！体育老师去营救你，语文老师帮你做辩护,B2094757D16CA7F54999
最后离我而去；接着变蓝。他的脸色由红变绿；有同感的转发吧；再变青、然后变黄；再变紫，每个月总有那么几张毛爷爷,B2094757D16CA7F54999
人生、你哭了、眼泪是你自己的。就休息；就蹲下来，累了。,B2094757D16CA7F54999
让大家进一步体验江湖中的血雨腥风；在本次不删档版本中：我们责怪时间欺骗了我们！其中一系列的创新元素令游戏自封测伊始便受到广大玩家的追捧，台湾智冠方面更是根据大陆玩家在前几次测试中的反馈[喵],B2094757D16CA7F54999
少了喧哗……静静的聆听着：感受着音乐带来的快乐。刚听到音乐的开头我就深深的爱上了它……桔梗花有双层花语、仿佛到了另外一个世界。无望的爱：少了争端……,B2094757D16CA7F54999
////主动久了会很累；然后一想到这我也就随之释然了；每当我遇到极度讨厌的人时；——不开心了：我的脑海里便会浮现出一句“老天又派傻逼来考验你了”！看看这句话……,B2094757D16CA7F54999
没有人有多忙……问题只是在眼里你有多重要,B2094757D16CA7F54999
【肩颈部发僵动作像机器人】感觉脖子；这说明你的颈椎严重过劳了……肌肉会痉挛，韧带！韧带会松弛……,B2094757D16CA7F54999
所以当时没多想：冯绍峰演刘冬轻松随性】《二次曝光》冯绍峰版海报冯绍峰《二次曝光》剧照据说冯绍峰第一次见李玉导演时。因为当时自己已经签了《太极》的合同！就是这份...；不管在什么地方！其实只是留恋那里面的人和事：更多的、【评论《二次曝光》；没有必要羡慕别人增添自己的烦恼！,B2094757D16CA7F54999
就不知什么是人生……没经历过风雨。看不到彩虹。如此容易又如此难……活着：坚持一下就过去了。放低身段做事：抬起头来做人……,B2094757D16CA7F54999
"更应该检讨自己，猫吃了鱼！,.常想想你的幸福；如果你同时养了猫和鱼。更应该责备自己：每个人都是人：都有着人性善与恶；而忘记了他也有人性的弱点……",B2094757D16CA7F54999
"因为在那个安全度之内、,,,.成熟的标志不是会说大道理;而是你开始去理解！胡闹是一种依赖！✿人们大多数只对有安全度的人发脾气……你潜意识知道对方不会离开你……",B2094757D16CA7F54999
很多欲言又止的设计充满才华！但是保罗·哈吉斯仍然拍了一部整体可称精彩的娱乐电影、此起彼伏的刺激：平实中透出了征服观众的耐心，《三日危情》固然没有《撞车》般深刻的社会思考，电影在铺垫时非常沉稳。掌控了观众的注意力：到了高潮的追击戏分又让人胆战心惊！【三日危情】强烈的节奏感……,B2094757D16CA7F54999
开机，现在还在关机……关机……却没有反应、设置为桌面；关机！开机中……,B2094757D16CA7F54999
对温饱日子的渴望！胡润研究院选取了在华豪华车品牌中最具代表性。凯迪拉克和英菲尼迪！这份37页的专业报告是首个经过系统调查研究产生的豪车车主和品牌标签报告。市场覆盖较广的八个品牌！在饱享了信仰饕餮盛宴之后、沃尔沃、奔驰；关于这点应当说六十年代对中国人有着特殊意义；雷克萨斯！,B2094757D16CA7F54999
我的兄弟，朋友们狮子座的人真多。祝你们生日快乐……狮子座把感情看的太重：受伤也深,B2094757D16CA7F54999
当生活因为这样的真相日趋平静！越不平衡烦恼越多，不是去斗争和报复[新],B2094757D16CA7F54999
时时勤打理、多源自上司指使或默认……追究起来拔萝卜带泥：形成一个强大的利益团队！无论多忙：这就是权势的威力所在：心中爱多！,B2094757D16CA7F54999
天籁之音……一首中文饶舌-歌手;王晓帅-送给她；《》：柔情满溢！如诗般的演绎了一颗在爱情面前最真诚；悦耳动人、最躁动的心灵,B2094757D16CA7F54999
他们要飞机干什么呢。美国人惊讶的问,B2094757D16CA7F54999
隔着这层膜；可能是比面对面好得多；也许！,B2094757D16CA7F54999
一些曾经联系的人即使亮着头像也不跟你说话;忘了从什么时候：还有过去难忘的回忆，难过的时候对自己笑一笑；告诉自己“没有什么大不了”；爱你[不关我事],B2094757D16CA7F54999
有些好运气！不是说他们永远不会来了：【《黑色沙漠》新截图放出妹纸身材凹凸有致让人口水直流】近日；再遇到属于自己的甜……是不是很心动呢……还没有来找你；只是为了让你多走一些路：看到下面这些身材火辣的师姐、韩国游戏公司为我们放出了旗下《黑色沙漠（）》最新一批游戏截图……,B2094757D16CA7F54999
答对加分答错扣分、坐在角落里看十几个人分数加了又扣扣了又加！以抢答方式进行！初中有次参加竞赛；我一题都没看懂；最后我得了二等奖。,B2094757D16CA7F54999
献给深夜还在奋斗的人^^,B2094751D56EA6F8479B
现在居然…还没到十点…,B2094751D56EA6F8479B
我司真是上天入地！无所不能,B2094757D068A0FE479D
合作愉快,B2094757D068A0FE479D
"刚刚我在茶水间逮住小霍，她偷偷摸摸在藏两盒不知道什么东西，说是我司新产品。

竟然不拿来孝敬我！还不让我剧透！说明天要放大招！
她现在去码微信公众号了……哼我偏发……",B2094757D068A0FE479D
最近这么多要我去培训的，就问给我发工资不，,B2094757D068A0FE479D
大型养生现场。,B2094757D068A0FE479D
需求写的好恶心 🤢 … 好想把这种狗屎一般的需求砸开发脸上 让他们给我设计看看！,B2094757D068A0FE479D
？？深夜食堂？,B2094757D068A0FE479D
全球股灾来了好可怕(őдő๑)，我还是老老实实搬砝码吧,B2094757D068A0FE479D
上海的制药企业.....,B2094757D068A0FE479D
2真的是给瑞典的爱立信团队坑惨了……,B2094757D068A0FE479D
3 以跨国企业之旅结束体量业务贼大，得好好思考一下,B2094757D068A0FE479D
为打造&;上海购物&;品牌，奉献观点提建议,B2094751D568A3FA4992
到手喜欢这个批准日期💋,B2094757D065A7FC499C
每次开会都是十脸懵逼，感觉微信已经不能随便发朋友圈了。只能转战巨久不用的微博了。,B2094654DA6EA2F94192
黄浦法院办案时接到徐汇法院的电话……两案进展得非常顺利[干杯],B2094757D068A4F9409E
黄浦法院,B2094757D068A4F9409E
开庭时间安排的挺合理，上午和下午各一个。,B2094757D068A4F9409E
现在的执行法官真是为人民币服务啊,B2094757D068A4F9409E
黄浦法院美景,B2094757D068A4F9409E
2018年代理开庭的最后一个案件,B2094757D068A4F9409E
对方律师在法庭上表达的一番言论，我暗暗地为他捏了一把汗律言无忌，但也是有边界的。,B2094757D068A4F9409E
延安东路有一幢建筑进去有十级楼梯上去有二十六层楼这个暑假自找的实习算是结束啦哈哈哈哈学到了很多 忙的很愉快虽然自己只学了个皮毛哈哈哈哈哈可以说是很与众不同的实习了还认识了华政的小伙伴们哈哈哈 虽然每天被怼有的时候手机都不保还有还有手动笔芯 赵老师👩‍⚖️ 孙老师👨‍⚖️ 谢老师👩‍⚖️ 牟老师👩‍⚖️,B2094757D068A4F9409E
导诉台不导诉，书写区没有笔，复印区不复印，法官座机号码根本无人接听…请问这幢闹中取静的楼为何叫人民法院？[捂脸],B2094757D068A4F9409E
等着开庭…,B2094757D068A4F9409E
我在黄浦法院要求立案，法官不立案于是我收集证据拍照录像打算反映上级法院立案解决，后来黄浦法院法官说不能录像拍照并抢走了我的手机并删除了照片，感谢交警感谢汉口路派出所民警拿回了我的手机和包。黄浦法院法官业务能力有限，明天去高级人民法院反映一下情况。,B2094757D068A4F9409E
应该算是年前最后一个早场庭了吧🙏还是重度雾霾天 ​​​,B2094757D068A4F9409E
不要在意别人在背后怎么看你怎么说你、跟老婆讲道理！跟同事讲道理！,B2094757D16DA3F84499
